<?xml version="1.0" encoding="utf-8"?>
<feed xmlns="http://www.w3.org/2005/Atom">
  <title>伯牙绝弦</title>
  
  <subtitle>伯牙鼓琴，志在高山</subtitle>
  <link href="/atom.xml" rel="self"/>
  
  <link href="http://yoursite.com/"/>
  <updated>2019-05-07T15:11:39.081Z</updated>
  <id>http://yoursite.com/</id>
  
  <author>
    <name>Yvan Zhang</name>
    
  </author>
  
  <generator uri="http://hexo.io/">Hexo</generator>
  
  <entry>
    <title>TCP的三次握手与四次挥手</title>
    <link href="http://yoursite.com/2019/05/07/TCP%E7%9A%84%E4%B8%89%E6%AC%A1%E6%8F%A1%E6%89%8B%E4%B8%8E%E5%9B%9B%E6%AC%A1%E6%8C%A5%E6%89%8B/"/>
    <id>http://yoursite.com/2019/05/07/TCP的三次握手与四次挥手/</id>
    <published>2019-05-07T14:32:55.000Z</published>
    <updated>2019-05-07T15:11:39.081Z</updated>
    
    <content type="html"><![CDATA[<hr><h2 id="1-TCP的几个标志位含义"><a href="#1-TCP的几个标志位含义" class="headerlink" title="1. TCP的几个标志位含义"></a>1. TCP的几个标志位含义</h2><pre><code>SYN：代表请求创建连接，所以在三次握手中前两次要SYN=1，表示这两次用于建立连接，至于第三次什么用，在疑问三里解答FIN：表示请求关闭连接，在四次分手时，我们发现FIN发了两遍。这是因为TCP的连接是双向的，所以一次FIN只能关闭一个方向。ACK：代表确认接受，不管是三次握手还是四次分手，在回应的时候都会加上ACK=1，表示消息接收到了，并且在建立连接以后的发送数据时，都需加上ACK=1,来表示数据接收成功。seq:序列号，什么意思呢？当发送一个数据时，数据是被拆成多个数据包来发送，序列号就是对每个数据包进行编号，这样接受方才能对数据包进行再次拼接。初始序列号是随机生成的，这样不一样的数据拆包解包就不会连接错了。（例如：两个数据都被拆成1，2，3和一个数据是1，2，3一个是101，102，103，很明显后者不会连接错误）ack:这个代表下一个数据包的编号，这也就是为什么第二请求时，ack是seq+1</code></pre><h2 id="2-TCP的三次握手过程"><a href="#2-TCP的三次握手过程" class="headerlink" title="2. TCP的三次握手过程"></a>2. TCP的三次握手过程</h2><p> ![tcp三次握手]</p><ul><li>客户端首先要发送SYN=1，表示要建立连接</li><li>服务端接收到以后，告诉客户端：我接收到了！所以加个ACK=1，就变成了ACK=1,SYN=1</li><li>理论上这时就创建连接成功了，但是要防止一个意外（疑问三），所以客户端需要再发送一个消息给服务端确认下，这时候只需要ACK=1就行了</li><li>三次握手完成</li></ul><h2 id="3-TCP的三次挥手过程"><a href="#3-TCP的三次挥手过程" class="headerlink" title="3. TCP的三次挥手过程"></a>3. TCP的三次挥手过程</h2><p> <img src="/2019/05/07/TCP的三次握手与四次挥手/TCP2.JPEG" alt="tcp四次挥手"></p><ol><li>首先客户端请求关闭客户端到服务器端方向的来连接，这时候客户端就要发送一个FIN=1,表示要关闭一个方向的连接（见上面四次挥手的图）</li><li>服务端接收到后需要确认一下的，所以返回了一个ACK=1</li><li>这时候只关闭了一个方向，另一个方向也需要关闭，所以服务器端也向客户端发送了一个FIN=1,ACK=1</li><li>客户端接收到后发送ACK=1，表示接受成功</li><li>四次挥手完成</li></ol><h2 id="4-总结"><a href="#4-总结" class="headerlink" title="4.总结"></a>4.总结</h2><p>seq是序列号，这是为了连接以后传送数据用的，ack是对收到的数据包的确认，值是等待接收的数据包的序列号。<br>在第一次消息发送中，A随机选取一个序列号作为自己的初始序号发送给B；第二次消息B使用ack对A的数据包进行确认，因为已经收到了序列号为x的数据包，准备接收序列号为x+1的包，所以ack=x+1，同时B告诉A自己的初始序列号，就是seq=y；第三条消息A告诉B收到了B的确认消息并准备建立连接，A自己此条消息的序列号是x+1，所以seq=x+1，而ack=y+1是表示A正准备接收B序列号为y+1的数据包。</p><p><strong>seq是数据包本身的序列号<br>ack是期望对方继续发送的那个数据包的序列号</strong></p>]]></content>
    
    <summary type="html">
    
      
      
        &lt;hr&gt;
&lt;h2 id=&quot;1-TCP的几个标志位含义&quot;&gt;&lt;a href=&quot;#1-TCP的几个标志位含义&quot; class=&quot;headerlink&quot; title=&quot;1. TCP的几个标志位含义&quot;&gt;&lt;/a&gt;1. TCP的几个标志位含义&lt;/h2&gt;&lt;pre&gt;&lt;code&gt;SYN：代表请求创建连
      
    
    </summary>
    
      <category term="网络协议" scheme="http://yoursite.com/categories/%E7%BD%91%E7%BB%9C%E5%8D%8F%E8%AE%AE/"/>
    
    
      <category term="TCP" scheme="http://yoursite.com/tags/TCP/"/>
    
  </entry>
  
  <entry>
    <title>mysql之binlog详情与恢复数据</title>
    <link href="http://yoursite.com/2019/05/06/mysql%E4%B9%8Bbinlog%E8%AF%A6%E6%83%85%E4%B8%8E%E6%81%A2%E5%A4%8D%E6%95%B0%E6%8D%AE/"/>
    <id>http://yoursite.com/2019/05/06/mysql之binlog详情与恢复数据/</id>
    <published>2019-05-06T14:32:55.000Z</published>
    <updated>2019-05-07T13:23:32.222Z</updated>
    
    <content type="html"><![CDATA[<hr><p><strong>1、安装mysql数据库</strong><br>CentOS 7 版本将MySQL数据库软件从默认的程序列表中移除，用mariadb代替了</p><ul><li><p>官网下载安装mysql</p><figure class="highlight plain"><table><tr><td class="gutter"><pre><span class="line">1</span><br><span class="line">2</span><br><span class="line">3</span><br></pre></td><td class="code"><pre><span class="line">wget http://dev.mysql.com/get/mysql-community-release-el7-5.noarch.rpm</span><br><span class="line">rpm -ivh mysql-community-release-el7-5.noarch.rpm</span><br><span class="line">yum install mysql-community-server</span><br></pre></td></tr></table></figure></li><li><p>安装成功后重启mysql<br><code>systemctl restart mysql</code></p></li><li><p>初次安装，root账户没有密码</p><figure class="highlight plain"><table><tr><td class="gutter"><pre><span class="line">1</span><br><span class="line">2</span><br><span class="line">3</span><br><span class="line">4</span><br><span class="line">5</span><br><span class="line">6</span><br><span class="line">7</span><br><span class="line">8</span><br><span class="line">9</span><br><span class="line">10</span><br><span class="line">11</span><br><span class="line">12</span><br><span class="line">13</span><br><span class="line">14</span><br><span class="line">15</span><br><span class="line">16</span><br><span class="line">17</span><br><span class="line">18</span><br><span class="line">19</span><br><span class="line">20</span><br><span class="line">21</span><br><span class="line">22</span><br><span class="line">23</span><br><span class="line">24</span><br><span class="line">25</span><br></pre></td><td class="code"><pre><span class="line">[root@10-46-143-76 ~]# mysql -uroot </span><br><span class="line">Welcome to the MySQL monitor.  Commands end with ; or \g.</span><br><span class="line">Your MySQL connection id is 2</span><br><span class="line">Server version: 5.6.44 MySQL Community Server (GPL)</span><br><span class="line"></span><br><span class="line">Copyright (c) 2000, 2019, Oracle and/or its affiliates. All rights reserved.</span><br><span class="line"></span><br><span class="line">Oracle is a registered trademark of Oracle Corporation and/or its</span><br><span class="line">affiliates. Other names may be trademarks of their respective</span><br><span class="line">owners.</span><br><span class="line"></span><br><span class="line">Type &apos;help;&apos; or &apos;\h&apos; for help. Type &apos;\c&apos; to clear the current input statement.</span><br><span class="line"></span><br><span class="line">mysql&gt; show databases;</span><br><span class="line">+--------------------+</span><br><span class="line">| Database           |</span><br><span class="line">+--------------------+</span><br><span class="line">| information_schema |</span><br><span class="line">| mysql              |</span><br><span class="line">| performance_schema |</span><br><span class="line">+--------------------+</span><br><span class="line">3 rows in set (0.00 sec)</span><br><span class="line"></span><br><span class="line">mysql&gt; set password for &apos;root&apos;@&apos;localhost&apos;=password(&apos;0301&apos;);</span><br><span class="line">Query OK, 0 rows affected (0.00 sec)</span><br></pre></td></tr></table></figure></li><li><p>设置密码</p><figure class="highlight plain"><table><tr><td class="gutter"><pre><span class="line">1</span><br><span class="line">2</span><br><span class="line">3</span><br><span class="line">4</span><br></pre></td><td class="code"><pre><span class="line">mysql&gt; set password for &apos;root&apos;@&apos;localhost&apos; =password(&apos;password&apos;);</span><br><span class="line">Query OK, 0 rows affected (0.00 sec)</span><br><span class="line"></span><br><span class="line">mysql&gt;</span><br></pre></td></tr></table></figure></li></ul><p>不需要重启数据库即可生效<br><strong>2、简单了解binlog</strong><br>MySQL的二进制日志binlog可以说是MySQL最重要的日志，它记录了所有的DDL和DML语句（除了数据查询语句select），以事件形式记录，还包含语句所执行的消耗的时间，MySQL的二进制日志是事务安全型的</p><p>DDL</p><ul><li>Data Definition Language 数据库定义语言<br>主要的命令有CREATE、ALTER、DROP等，DDL主要是用在定义或改变表（TABLE）的结构，数据类型，表之间的链接和约束等初始化工作上，他们大多在建立表时使用。</li></ul><p>DML</p><ul><li>Data Manipulation Language 数据操纵语言<br>主要的命令是SELECT、UPDATE、INSERT、DELETE，就象它的名字一样，这4条命令是用来对数据库里的数据进行操作的语言<br>mysqlbinlog常见的选项有以下几个：<br>–start-datetime：从二进制日志中读取指定等于时间戳或者晚于本地服务器的时间<br>–stop-datetime：从二进制日志中读取指定小于时间戳或者等于本地服务器的时间 取值和上述一样<br>–start-position：从二进制日志中读取指定position 事件位置作为开始。<br>–stop-position：从二进制日志中读取指定position<br><strong>3、开启binlog</strong></li><li>修改mysql配置文件<br><code>vim /etc/my.cnf</code><br>在[mysqld] 区块添加<br>log-bin=mysql-bin 确认是打开状态(mysql-bin 是日志的基本名或前缀名)<br>注意：每次服务器（数据库）重启，服务器会调用flush logs;，新创建一个binlog日志！</li><li>重启mysql<br><code>systemctl  restart mysql</code></li><li>查看binlog日志是否开启<figure class="highlight plain"><table><tr><td class="gutter"><pre><span class="line">1</span><br><span class="line">2</span><br><span class="line">3</span><br><span class="line">4</span><br><span class="line">5</span><br><span class="line">6</span><br><span class="line">7</span><br><span class="line">8</span><br><span class="line">9</span><br><span class="line">10</span><br><span class="line">11</span><br><span class="line">12</span><br><span class="line">13</span><br><span class="line">14</span><br><span class="line">15</span><br><span class="line">16</span><br><span class="line">17</span><br><span class="line">18</span><br><span class="line">19</span><br><span class="line">20</span><br><span class="line">21</span><br><span class="line">22</span><br><span class="line">23</span><br><span class="line">24</span><br><span class="line">25</span><br><span class="line">26</span><br><span class="line">27</span><br><span class="line">28</span><br><span class="line">29</span><br><span class="line">30</span><br><span class="line">31</span><br><span class="line">32</span><br><span class="line">33</span><br><span class="line">34</span><br><span class="line">35</span><br></pre></td><td class="code"><pre><span class="line"> [root@10-46-143-76 ~]# mysql -uroot -p0301</span><br><span class="line">Warning: Using a password on the command line interface can be insecure.</span><br><span class="line">Welcome to the MySQL monitor.  Commands end with ; or \g.</span><br><span class="line">Your MySQL connection id is 2</span><br><span class="line">Server version: 5.6.44-log MySQL Community Server (GPL)</span><br><span class="line"></span><br><span class="line">Copyright (c) 2000, 2019, Oracle and/or its affiliates. All rights reserved.</span><br><span class="line"></span><br><span class="line">Oracle is a registered trademark of Oracle Corporation and/or its</span><br><span class="line">affiliates. Other names may be trademarks of their respective</span><br><span class="line">owners.</span><br><span class="line"></span><br><span class="line">Type &apos;help;&apos; or &apos;\h&apos; for help. Type &apos;\c&apos; to clear the current input statement.</span><br><span class="line"></span><br><span class="line">mysql&gt; show variables like &apos;log_%&apos;;</span><br><span class="line">+----------------------------------------+--------------------------------+</span><br><span class="line">| Variable_name                          | Value                          |</span><br><span class="line">+----------------------------------------+--------------------------------+</span><br><span class="line">| log_bin                                | ON                             |</span><br><span class="line">| log_bin_basename                       | /var/lib/mysql/mysql-bin       |</span><br><span class="line">| log_bin_index                          | /var/lib/mysql/mysql-bin.index |</span><br><span class="line">| log_bin_trust_function_creators        | OFF                            |</span><br><span class="line">| log_bin_use_v1_row_events              | OFF                            |</span><br><span class="line">| log_error                              | /var/log/mysqld.log            |</span><br><span class="line">| log_output                             | FILE                           |</span><br><span class="line">| log_queries_not_using_indexes          | OFF                            |</span><br><span class="line">| log_slave_updates                      | OFF                            |</span><br><span class="line">| log_slow_admin_statements              | OFF                            |</span><br><span class="line">| log_slow_slave_statements              | OFF                            |</span><br><span class="line">| log_throttle_queries_not_using_indexes | 0                              |</span><br><span class="line">| log_warnings                           | 1                              |</span><br><span class="line">+----------------------------------------+--------------------------------+</span><br><span class="line">13 rows in set (0.00 sec)</span><br><span class="line"></span><br><span class="line">mysql&gt;</span><br></pre></td></tr></table></figure></li></ul><p><strong>4、创建新的数据库test</strong><br><figure class="highlight plain"><table><tr><td class="gutter"><pre><span class="line">1</span><br><span class="line">2</span><br><span class="line">3</span><br><span class="line">4</span><br><span class="line">5</span><br><span class="line">6</span><br><span class="line">7</span><br><span class="line">8</span><br><span class="line">9</span><br><span class="line">10</span><br><span class="line">11</span><br><span class="line">12</span><br><span class="line">13</span><br><span class="line">14</span><br><span class="line">15</span><br></pre></td><td class="code"><pre><span class="line">mysql&gt; create database test default charset utf8;</span><br><span class="line">Query OK, 1 row affected (0.01 sec)</span><br><span class="line">mysql&gt; show databases;</span><br><span class="line">+--------------------+</span><br><span class="line">| Database           |</span><br><span class="line">+--------------------+</span><br><span class="line">| information_schema |</span><br><span class="line">| mysql              |</span><br><span class="line">| performance_schema |</span><br><span class="line">| test               |</span><br><span class="line">+--------------------+</span><br><span class="line">4 rows in set (0.00 sec)</span><br><span class="line">mysql&gt; use  test;</span><br><span class="line">Database changed</span><br><span class="line">mysql&gt;</span><br></pre></td></tr></table></figure></p><p><strong>5、创建新的表</strong><br><figure class="highlight plain"><table><tr><td class="gutter"><pre><span class="line">1</span><br><span class="line">2</span><br><span class="line">3</span><br><span class="line">4</span><br><span class="line">5</span><br><span class="line">6</span><br><span class="line">7</span><br><span class="line">8</span><br><span class="line">9</span><br><span class="line">10</span><br></pre></td><td class="code"><pre><span class="line">mysql&gt; create table  test_test(id int(4));</span><br><span class="line">Query OK, 0 rows affected (0.01 sec)</span><br><span class="line"></span><br><span class="line">mysql&gt; show tables;</span><br><span class="line">+----------------+</span><br><span class="line">| Tables_in_test |</span><br><span class="line">+----------------+</span><br><span class="line">| test_test      |</span><br><span class="line">+----------------+</span><br><span class="line">1 row in set (0.00 sec)</span><br></pre></td></tr></table></figure></p><p><strong>6、向表中插入数据</strong><br><figure class="highlight plain"><table><tr><td class="gutter"><pre><span class="line">1</span><br><span class="line">2</span><br><span class="line">3</span><br><span class="line">4</span><br><span class="line">5</span><br><span class="line">6</span><br><span class="line">7</span><br><span class="line">8</span><br><span class="line">9</span><br><span class="line">10</span><br><span class="line">11</span><br><span class="line">12</span><br><span class="line">13</span><br><span class="line">14</span><br></pre></td><td class="code"><pre><span class="line">mysql&gt; insert into  test_test values(1);</span><br><span class="line">Query OK, 1 row affected (0.00 sec)</span><br><span class="line"></span><br><span class="line">mysql&gt; insert into  test_test values(2);</span><br><span class="line">Query OK, 1 row affected (0.00 sec)</span><br><span class="line"></span><br><span class="line">mysql&gt; select id from test_test;</span><br><span class="line">+------+</span><br><span class="line">| id   |</span><br><span class="line">+------+</span><br><span class="line">|    1 |</span><br><span class="line">|    2 |</span><br><span class="line">+------+</span><br><span class="line">2 rows in set (0.01 sec)</span><br></pre></td></tr></table></figure></p><p><strong>7、刷新mysqlbin日志</strong><br>此时mysql的binlog日志文件中只有一个mysql-bin.000001,如下：<br><figure class="highlight plain"><table><tr><td class="gutter"><pre><span class="line">1</span><br><span class="line">2</span><br><span class="line">3</span><br><span class="line">4</span><br><span class="line">5</span><br><span class="line">6</span><br><span class="line">7</span><br></pre></td><td class="code"><pre><span class="line">mysql&gt; show master logs;</span><br><span class="line">+------------------+-----------+</span><br><span class="line">| Log_name         | File_size |</span><br><span class="line">+------------------+-----------+</span><br><span class="line">| mysql-bin.000001 |       775 |</span><br><span class="line">+------------------+-----------+</span><br><span class="line">1 row in set (0.00 sec)</span><br></pre></td></tr></table></figure></p><figure class="highlight plain"><table><tr><td class="gutter"><pre><span class="line">1</span><br><span class="line">2</span><br><span class="line">3</span><br><span class="line">4</span><br><span class="line">5</span><br><span class="line">6</span><br><span class="line">7</span><br><span class="line">8</span><br><span class="line">9</span><br><span class="line">10</span><br><span class="line">11</span><br><span class="line">12</span><br></pre></td><td class="code"><pre><span class="line">[root@10-46-143-76 ~]# ll /var/lib/mysql/</span><br><span class="line">total 110612</span><br><span class="line">-rw-rw---- 1 mysql mysql       56 May  6 22:36 auto.cnf</span><br><span class="line">-rw-rw---- 1 mysql mysql 12582912 May  6 23:16 ibdata1</span><br><span class="line">-rw-rw---- 1 mysql mysql 50331648 May  6 23:16 ib_logfile0</span><br><span class="line">-rw-rw---- 1 mysql mysql 50331648 May  6 22:35 ib_logfile1</span><br><span class="line">drwx------ 2 mysql mysql     4096 May  6 22:35 mysql</span><br><span class="line">-rw-rw---- 1 mysql mysql      775 May  6 23:16 mysql-bin.000001</span><br><span class="line">-rw-rw---- 1 mysql mysql       19 May  6 22:58 mysql-bin.index</span><br><span class="line">srwxrwxrwx 1 mysql mysql        0 May  6 22:58 mysql.sock</span><br><span class="line">drwx------ 2 mysql mysql     4096 May  6 22:35 performance_schema</span><br><span class="line">drwx------ 2 mysql mysql       62 May  6 23:14 test</span><br></pre></td></tr></table></figure><p>注意：此时mysql的binlog文件为mysql-bin.000001,并且数据库中只有1，2两条数据。如下：<br><figure class="highlight plain"><table><tr><td class="gutter"><pre><span class="line">1</span><br><span class="line">2</span><br><span class="line">3</span><br><span class="line">4</span><br><span class="line">5</span><br><span class="line">6</span><br><span class="line">7</span><br><span class="line">8</span><br></pre></td><td class="code"><pre><span class="line">mysql&gt; select id from test_test;</span><br><span class="line">+------+</span><br><span class="line">| id   |</span><br><span class="line">+------+</span><br><span class="line">|    1 |</span><br><span class="line">|    2 |</span><br><span class="line">+------+</span><br><span class="line">2 rows in set (0.01 sec)</span><br></pre></td></tr></table></figure></p><p>现在我们来刷新binlog日志，生成新的binlog日志文件mysql-bin.000002，如下：<br><figure class="highlight plain"><table><tr><td class="gutter"><pre><span class="line">1</span><br><span class="line">2</span><br><span class="line">3</span><br><span class="line">4</span><br><span class="line">5</span><br><span class="line">6</span><br><span class="line">7</span><br><span class="line">8</span><br><span class="line">9</span><br><span class="line">10</span><br><span class="line">11</span><br></pre></td><td class="code"><pre><span class="line">mysql&gt; flush logs;</span><br><span class="line">Query OK, 0 rows affected (0.01 sec)</span><br><span class="line"></span><br><span class="line">mysql&gt; show master logs;</span><br><span class="line">+------------------+-----------+</span><br><span class="line">| Log_name         | File_size |</span><br><span class="line">+------------------+-----------+</span><br><span class="line">| mysql-bin.000001 |       822 |</span><br><span class="line">| mysql-bin.000002 |       120 |</span><br><span class="line">+------------------+-----------+</span><br><span class="line">2 rows in set (0.00 sec)</span><br></pre></td></tr></table></figure></p><figure class="highlight plain"><table><tr><td class="gutter"><pre><span class="line">1</span><br><span class="line">2</span><br><span class="line">3</span><br><span class="line">4</span><br><span class="line">5</span><br><span class="line">6</span><br><span class="line">7</span><br><span class="line">8</span><br><span class="line">9</span><br><span class="line">10</span><br><span class="line">11</span><br><span class="line">12</span><br><span class="line">13</span><br><span class="line">14</span><br></pre></td><td class="code"><pre><span class="line">[root@10-46-143-76 ~]# ll /var/lib/mysql/</span><br><span class="line">total 110616</span><br><span class="line">-rw-rw---- 1 mysql mysql       56 May  6 22:36 auto.cnf</span><br><span class="line">-rw-rw---- 1 mysql mysql 12582912 May  6 23:16 ibdata1</span><br><span class="line">-rw-rw---- 1 mysql mysql 50331648 May  6 23:16 ib_logfile0</span><br><span class="line">-rw-rw---- 1 mysql mysql 50331648 May  6 22:35 ib_logfile1</span><br><span class="line">drwx------ 2 mysql mysql     4096 May  6 22:35 mysql</span><br><span class="line">-rw-rw---- 1 mysql mysql      822 May  6 23:25 mysql-bin.000001</span><br><span class="line">-rw-rw---- 1 mysql mysql      120 May  6 23:25 mysql-bin.000002</span><br><span class="line">-rw-rw---- 1 mysql mysql       38 May  6 23:25 mysql-bin.index</span><br><span class="line">srwxrwxrwx 1 mysql mysql        0 May  6 22:58 mysql.sock</span><br><span class="line">drwx------ 2 mysql mysql     4096 May  6 22:35 performance_schema</span><br><span class="line">drwx------ 2 mysql mysql       62 May  6 23:14 test</span><br><span class="line">[root@10-46-143-76 ~]#</span><br></pre></td></tr></table></figure><p>现在我们再向表中插入3、4两条数据<br><figure class="highlight plain"><table><tr><td class="gutter"><pre><span class="line">1</span><br><span class="line">2</span><br><span class="line">3</span><br><span class="line">4</span><br><span class="line">5</span><br><span class="line">6</span><br><span class="line">7</span><br><span class="line">8</span><br><span class="line">9</span><br><span class="line">10</span><br><span class="line">11</span><br><span class="line">12</span><br><span class="line">13</span><br><span class="line">14</span><br><span class="line">15</span><br><span class="line">16</span><br></pre></td><td class="code"><pre><span class="line">mysql&gt; insert into  test_test values(3);</span><br><span class="line">Query OK, 1 row affected (0.01 sec)</span><br><span class="line"></span><br><span class="line">mysql&gt; insert into  test_test values(4);</span><br><span class="line">Query OK, 1 row affected (0.00 sec)</span><br><span class="line"></span><br><span class="line">mysql&gt; select id from test_test;</span><br><span class="line">+------+</span><br><span class="line">| id   |</span><br><span class="line">+------+</span><br><span class="line">|    1 |</span><br><span class="line">|    2 |</span><br><span class="line">|    3 |</span><br><span class="line">|    4 |</span><br><span class="line">+------+</span><br><span class="line">4 rows in set (0.00 sec)</span><br></pre></td></tr></table></figure></p><p>数据3、4插入完毕后，我们再次刷新binlog日志，生成新的binlog日志文件为mysql-bin.000003，如下：<br><figure class="highlight plain"><table><tr><td class="gutter"><pre><span class="line">1</span><br><span class="line">2</span><br><span class="line">3</span><br><span class="line">4</span><br><span class="line">5</span><br><span class="line">6</span><br><span class="line">7</span><br><span class="line">8</span><br><span class="line">9</span><br><span class="line">10</span><br><span class="line">11</span><br><span class="line">12</span><br></pre></td><td class="code"><pre><span class="line">mysql&gt; flush logs;</span><br><span class="line">Query OK, 0 rows affected (0.00 sec)</span><br><span class="line"></span><br><span class="line">mysql&gt; show master logs;</span><br><span class="line">+------------------+-----------+</span><br><span class="line">| Log_name         | File_size |</span><br><span class="line">+------------------+-----------+</span><br><span class="line">| mysql-bin.000001 |       822 |</span><br><span class="line">| mysql-bin.000002 |       599 |</span><br><span class="line">| mysql-bin.000003 |       120 |</span><br><span class="line">+------------------+-----------+</span><br><span class="line">3 rows in set (0.00 sec)</span><br></pre></td></tr></table></figure></p><figure class="highlight plain"><table><tr><td class="gutter"><pre><span class="line">1</span><br><span class="line">2</span><br><span class="line">3</span><br><span class="line">4</span><br><span class="line">5</span><br><span class="line">6</span><br><span class="line">7</span><br><span class="line">8</span><br><span class="line">9</span><br><span class="line">10</span><br><span class="line">11</span><br><span class="line">12</span><br><span class="line">13</span><br><span class="line">14</span><br></pre></td><td class="code"><pre><span class="line">[root@10-46-143-76 ~]# ll /var/lib/mysql/</span><br><span class="line">total 110620</span><br><span class="line">-rw-rw---- 1 mysql mysql       56 May  6 22:36 auto.cnf</span><br><span class="line">-rw-rw---- 1 mysql mysql 12582912 May  6 23:28 ibdata1</span><br><span class="line">-rw-rw---- 1 mysql mysql 50331648 May  6 23:28 ib_logfile0</span><br><span class="line">-rw-rw---- 1 mysql mysql 50331648 May  6 22:35 ib_logfile1</span><br><span class="line">drwx------ 2 mysql mysql     4096 May  6 22:35 mysql</span><br><span class="line">-rw-rw---- 1 mysql mysql      822 May  6 23:25 mysql-bin.000001</span><br><span class="line">-rw-rw---- 1 mysql mysql      599 May  6 23:30 mysql-bin.000002</span><br><span class="line">-rw-rw---- 1 mysql mysql      120 May  6 23:30 mysql-bin.000003</span><br><span class="line">-rw-rw---- 1 mysql mysql       57 May  6 23:30 mysql-bin.index</span><br><span class="line">srwxrwxrwx 1 mysql mysql        0 May  6 22:58 mysql.sock</span><br><span class="line">drwx------ 2 mysql mysql     4096 May  6 22:35 performance_schema</span><br><span class="line">drwx------ 2 mysql mysql       62 May  6 23:14 test</span><br></pre></td></tr></table></figure><p>现在我们总共有三个binlog日志文件：mysql-bin.000001、mysql-bin.000002、mysql-bin.000003。其中在mysql-bin.000001中，我们向test_test表中插入两个数据1、2。在mysql-bin.000002中我们向test_test表中插入两个数据3、4<br><figure class="highlight plain"><table><tr><td class="gutter"><pre><span class="line">1</span><br><span class="line">2</span><br><span class="line">3</span><br><span class="line">4</span><br><span class="line">5</span><br><span class="line">6</span><br><span class="line">7</span><br><span class="line">8</span><br><span class="line">9</span><br><span class="line">10</span><br><span class="line">11</span><br><span class="line">12</span><br><span class="line">13</span><br><span class="line">14</span><br><span class="line">15</span><br><span class="line">16</span><br><span class="line">17</span><br><span class="line">18</span><br><span class="line">19</span><br><span class="line">20</span><br><span class="line">21</span><br><span class="line">22</span><br><span class="line">23</span><br><span class="line">24</span><br><span class="line">25</span><br><span class="line">26</span><br><span class="line">27</span><br><span class="line">28</span><br><span class="line">29</span><br><span class="line">30</span><br><span class="line">31</span><br><span class="line">32</span><br><span class="line">33</span><br><span class="line">34</span><br><span class="line">35</span><br><span class="line">36</span><br><span class="line">37</span><br><span class="line">38</span><br><span class="line">39</span><br><span class="line">40</span><br><span class="line">41</span><br><span class="line">42</span><br><span class="line">43</span><br><span class="line">44</span><br><span class="line">45</span><br><span class="line">46</span><br><span class="line">47</span><br><span class="line">48</span><br><span class="line">49</span><br><span class="line">50</span><br><span class="line">51</span><br><span class="line">52</span><br><span class="line">53</span><br><span class="line">54</span><br><span class="line">55</span><br><span class="line">56</span><br><span class="line">57</span><br><span class="line">58</span><br><span class="line">59</span><br><span class="line">60</span><br><span class="line">61</span><br><span class="line">62</span><br><span class="line">63</span><br><span class="line">64</span><br><span class="line">65</span><br></pre></td><td class="code"><pre><span class="line">[root@10-46-143-76 ~]# /usr/bin/mysqlbinlog /var/lib/mysql/mysql-bin.000001 </span><br><span class="line">/*!50530 SET @@SESSION.PSEUDO_SLAVE_MODE=1*/;</span><br><span class="line">/*!40019 SET @@session.max_insert_delayed_threads=0*/;</span><br><span class="line">/*!50003 SET @OLD_COMPLETION_TYPE=@@COMPLETION_TYPE,COMPLETION_TYPE=0*/;</span><br><span class="line">DELIMITER /*!*/;</span><br><span class="line"># at 4</span><br><span class="line">#190506 22:58:41 server id 1  end_log_pos 120 CRC32 0xba17a662 Start: binlog v 4, server v 5.6.44-log created 190506 22:58:41 at startup</span><br><span class="line">ROLLBACK/*!*/;</span><br><span class="line">BINLOG &apos;</span><br><span class="line">oUvQXA8BAAAAdAAAAHgAAAAAAAQANS42LjQ0LWxvZwAAAAAAAAAAAAAAAAAAAAAAAAAAAAAAAAAA</span><br><span class="line">AAAAAAAAAAAAAAAAAAChS9BcEzgNAAgAEgAEBAQEEgAAXAAEGggAAAAICAgCAAAACgoKGRkAAWKm</span><br><span class="line">F7o=</span><br><span class="line">&apos;/*!*/;</span><br><span class="line"># at 120</span><br><span class="line">#190506 23:07:36 server id 1  end_log_pos 235 CRC32 0xe64de19f Querythread_id=3exec_time=0error_code=0</span><br><span class="line">SET TIMESTAMP=1557155256/*!*/;</span><br><span class="line">SET @@session.pseudo_thread_id=3/*!*/;</span><br><span class="line">SET @@session.foreign_key_checks=1, @@session.sql_auto_is_null=0, @@session.unique_checks=1, @@session.autocommit=1/*!*/;</span><br><span class="line">SET @@session.sql_mode=1075838976/*!*/;</span><br><span class="line">SET @@session.auto_increment_increment=1, @@session.auto_increment_offset=1/*!*/;</span><br><span class="line">/*!\C utf8 *//*!*/;</span><br><span class="line">SET @@session.character_set_client=33,@@session.collation_connection=33,@@session.collation_server=8/*!*/;</span><br><span class="line">SET @@session.lc_time_names=0/*!*/;</span><br><span class="line">SET @@session.collation_database=DEFAULT/*!*/;</span><br><span class="line">create database test default charset utf8</span><br><span class="line">/*!*/;</span><br><span class="line"># at 235</span><br><span class="line">#190506 23:14:43 server id 1  end_log_pos 343 CRC32 0x75940a84 Querythread_id=3exec_time=0error_code=0</span><br><span class="line">use `test`/*!*/;</span><br><span class="line">SET TIMESTAMP=1557155683/*!*/;</span><br><span class="line">create table  test_test(id int(4))</span><br><span class="line">/*!*/;</span><br><span class="line"># at 343</span><br><span class="line">#190506 23:16:17 server id 1  end_log_pos 422 CRC32 0xe1b2ec7f Querythread_id=3exec_time=0error_code=0</span><br><span class="line">SET TIMESTAMP=1557155777/*!*/;</span><br><span class="line">BEGIN</span><br><span class="line">/*!*/;</span><br><span class="line"># at 422</span><br><span class="line">#190506 23:16:17 server id 1  end_log_pos 528 CRC32 0x712307cf Querythread_id=3exec_time=0error_code=0</span><br><span class="line">SET TIMESTAMP=1557155777/*!*/;</span><br><span class="line">insert into  test_test values(1)</span><br><span class="line">/*!*/;</span><br><span class="line"># at 528</span><br><span class="line">#190506 23:16:17 server id 1  end_log_pos 559 CRC32 0x6ae17c29 Xid = 19</span><br><span class="line">COMMIT/*!*/;</span><br><span class="line"># at 559</span><br><span class="line">#190506 23:16:24 server id 1  end_log_pos 638 CRC32 0x49295b87 Querythread_id=3exec_time=0error_code=0</span><br><span class="line">SET TIMESTAMP=1557155784/*!*/;</span><br><span class="line">BEGIN</span><br><span class="line">/*!*/;</span><br><span class="line"># at 638</span><br><span class="line">#190506 23:16:24 server id 1  end_log_pos 744 CRC32 0xad658998 Querythread_id=3exec_time=0error_code=0</span><br><span class="line">SET TIMESTAMP=1557155784/*!*/;</span><br><span class="line">insert into  test_test values(2)</span><br><span class="line">/*!*/;</span><br><span class="line"># at 744</span><br><span class="line">#190506 23:16:24 server id 1  end_log_pos 775 CRC32 0xef810790 Xid = 20</span><br><span class="line">COMMIT/*!*/;</span><br><span class="line"># at 775</span><br><span class="line">#190506 23:25:38 server id 1  end_log_pos 822 CRC32 0x68fa5169 Rotate to mysql-bin.000002  pos: 4</span><br><span class="line">DELIMITER ;</span><br><span class="line"># End of log file</span><br><span class="line">ROLLBACK /* added by mysqlbinlog */;</span><br><span class="line">/*!50003 SET COMPLETION_TYPE=@OLD_COMPLETION_TYPE*/;</span><br><span class="line">/*!50530 SET @@SESSION.PSEUDO_SLAVE_MODE=0*/;</span><br></pre></td></tr></table></figure></p><figure class="highlight plain"><table><tr><td class="gutter"><pre><span class="line">1</span><br><span class="line">2</span><br><span class="line">3</span><br><span class="line">4</span><br><span class="line">5</span><br><span class="line">6</span><br><span class="line">7</span><br><span class="line">8</span><br><span class="line">9</span><br><span class="line">10</span><br><span class="line">11</span><br><span class="line">12</span><br><span class="line">13</span><br><span class="line">14</span><br><span class="line">15</span><br><span class="line">16</span><br><span class="line">17</span><br><span class="line">18</span><br><span class="line">19</span><br><span class="line">20</span><br><span class="line">21</span><br><span class="line">22</span><br><span class="line">23</span><br><span class="line">24</span><br><span class="line">25</span><br><span class="line">26</span><br><span class="line">27</span><br><span class="line">28</span><br><span class="line">29</span><br><span class="line">30</span><br><span class="line">31</span><br><span class="line">32</span><br><span class="line">33</span><br><span class="line">34</span><br><span class="line">35</span><br><span class="line">36</span><br><span class="line">37</span><br><span class="line">38</span><br><span class="line">39</span><br><span class="line">40</span><br><span class="line">41</span><br><span class="line">42</span><br><span class="line">43</span><br><span class="line">44</span><br><span class="line">45</span><br><span class="line">46</span><br><span class="line">47</span><br><span class="line">48</span><br><span class="line">49</span><br><span class="line">50</span><br><span class="line">51</span><br><span class="line">52</span><br><span class="line">53</span><br><span class="line">54</span><br></pre></td><td class="code"><pre><span class="line">[root@10-46-143-76 ~]# /usr/bin/mysqlbinlog /var/lib/mysql/mysql-bin.000002</span><br><span class="line">/*!50530 SET @@SESSION.PSEUDO_SLAVE_MODE=1*/;</span><br><span class="line">/*!40019 SET @@session.max_insert_delayed_threads=0*/;</span><br><span class="line">/*!50003 SET @OLD_COMPLETION_TYPE=@@COMPLETION_TYPE,COMPLETION_TYPE=0*/;</span><br><span class="line">DELIMITER /*!*/;</span><br><span class="line"># at 4</span><br><span class="line">#190506 23:25:38 server id 1  end_log_pos 120 CRC32 0x47d99eba Start: binlog v 4, server v 5.6.44-log created 190506 23:25:38</span><br><span class="line">BINLOG &apos;</span><br><span class="line">8lHQXA8BAAAAdAAAAHgAAAAAAAQANS42LjQ0LWxvZwAAAAAAAAAAAAAAAAAAAAAAAAAAAAAAAAAA</span><br><span class="line">AAAAAAAAAAAAAAAAAAAAAAAAEzgNAAgAEgAEBAQEEgAAXAAEGggAAAAICAgCAAAACgoKGRkAAbqe</span><br><span class="line">2Uc=</span><br><span class="line">&apos;/*!*/;</span><br><span class="line"># at 120</span><br><span class="line">#190506 23:28:36 server id 1  end_log_pos 199 CRC32 0x7db4b53f Querythread_id=3exec_time=0error_code=0</span><br><span class="line">SET TIMESTAMP=1557156516/*!*/;</span><br><span class="line">SET @@session.pseudo_thread_id=3/*!*/;</span><br><span class="line">SET @@session.foreign_key_checks=1, @@session.sql_auto_is_null=0, @@session.unique_checks=1, @@session.autocommit=1/*!*/;</span><br><span class="line">SET @@session.sql_mode=1075838976/*!*/;</span><br><span class="line">SET @@session.auto_increment_increment=1, @@session.auto_increment_offset=1/*!*/;</span><br><span class="line">/*!\C utf8 *//*!*/;</span><br><span class="line">SET @@session.character_set_client=33,@@session.collation_connection=33,@@session.collation_server=8/*!*/;</span><br><span class="line">SET @@session.lc_time_names=0/*!*/;</span><br><span class="line">SET @@session.collation_database=DEFAULT/*!*/;</span><br><span class="line">BEGIN</span><br><span class="line">/*!*/;</span><br><span class="line"># at 199</span><br><span class="line">#190506 23:28:36 server id 1  end_log_pos 305 CRC32 0x13afbe9c Querythread_id=3exec_time=0error_code=0</span><br><span class="line">use `test`/*!*/;</span><br><span class="line">SET TIMESTAMP=1557156516/*!*/;</span><br><span class="line">insert into  test_test values(3)</span><br><span class="line">/*!*/;</span><br><span class="line"># at 305</span><br><span class="line">#190506 23:28:36 server id 1  end_log_pos 336 CRC32 0xd965c0aa Xid = 25</span><br><span class="line">COMMIT/*!*/;</span><br><span class="line"># at 336</span><br><span class="line">#190506 23:28:40 server id 1  end_log_pos 415 CRC32 0x462c686d Querythread_id=3exec_time=0error_code=0</span><br><span class="line">SET TIMESTAMP=1557156520/*!*/;</span><br><span class="line">BEGIN</span><br><span class="line">/*!*/;</span><br><span class="line"># at 415</span><br><span class="line">#190506 23:28:40 server id 1  end_log_pos 521 CRC32 0xf6656ce4 Querythread_id=3exec_time=0error_code=0</span><br><span class="line">SET TIMESTAMP=1557156520/*!*/;</span><br><span class="line">insert into  test_test values(4)</span><br><span class="line">/*!*/;</span><br><span class="line"># at 521</span><br><span class="line">#190506 23:28:40 server id 1  end_log_pos 552 CRC32 0x90d5bb3b Xid = 26</span><br><span class="line">COMMIT/*!*/;</span><br><span class="line"># at 552</span><br><span class="line">#190506 23:30:20 server id 1  end_log_pos 599 CRC32 0x8ca4ff34 Rotate to mysql-bin.000003  pos: 4</span><br><span class="line">DELIMITER ;</span><br><span class="line"># End of log file</span><br><span class="line">ROLLBACK /* added by mysqlbinlog */;</span><br><span class="line">/*!50003 SET COMPLETION_TYPE=@OLD_COMPLETION_TYPE*/;</span><br><span class="line">/*!50530 SET @@SESSION.PSEUDO_SLAVE_MODE=0*/;</span><br></pre></td></tr></table></figure><p><strong>8、完整备份ailanni数据库</strong><br><code>mysqldump -uroot -p test | gzip &gt; back_</code>date +%F<code>.tar.gz</code><br><code>mysqldump -uroot -p test &gt; back_</code>date +%F<code>.sql</code><br>查看备份与test数据库内容一致，如下：<br><figure class="highlight plain"><table><tr><td class="gutter"><pre><span class="line">1</span><br><span class="line">2</span><br><span class="line">3</span><br><span class="line">4</span><br><span class="line">5</span><br><span class="line">6</span><br><span class="line">7</span><br><span class="line">8</span><br><span class="line">9</span><br><span class="line">10</span><br><span class="line">11</span><br><span class="line">12</span><br><span class="line">13</span><br><span class="line">14</span><br><span class="line">15</span><br><span class="line">16</span><br><span class="line">17</span><br><span class="line">18</span><br><span class="line">19</span><br><span class="line">20</span><br><span class="line">21</span><br><span class="line">22</span><br><span class="line">23</span><br><span class="line">24</span><br><span class="line">25</span><br><span class="line">26</span><br><span class="line">27</span><br><span class="line">28</span><br><span class="line">29</span><br><span class="line">30</span><br><span class="line">31</span><br><span class="line">32</span><br><span class="line">33</span><br><span class="line">34</span><br><span class="line">35</span><br><span class="line">36</span><br><span class="line">37</span><br><span class="line">38</span><br><span class="line">39</span><br><span class="line">40</span><br><span class="line">41</span><br><span class="line">42</span><br><span class="line">43</span><br><span class="line">44</span><br><span class="line">45</span><br><span class="line">46</span><br><span class="line">47</span><br><span class="line">48</span><br><span class="line">49</span><br><span class="line">50</span><br></pre></td><td class="code"><pre><span class="line">[root@10-46-143-76 ~]# cat back_2019-05-06.sql </span><br><span class="line">-- MySQL dump 10.13  Distrib 5.6.44, for Linux (x86_64)</span><br><span class="line">--</span><br><span class="line">-- Host: localhost    Database: test</span><br><span class="line">-- ------------------------------------------------------</span><br><span class="line">-- Server version5.6.44-log</span><br><span class="line"></span><br><span class="line">/*!40101 SET @OLD_CHARACTER_SET_CLIENT=@@CHARACTER_SET_CLIENT */;</span><br><span class="line">/*!40101 SET @OLD_CHARACTER_SET_RESULTS=@@CHARACTER_SET_RESULTS */;</span><br><span class="line">/*!40101 SET @OLD_COLLATION_CONNECTION=@@COLLATION_CONNECTION */;</span><br><span class="line">/*!40101 SET NAMES utf8 */;</span><br><span class="line">/*!40103 SET @OLD_TIME_ZONE=@@TIME_ZONE */;</span><br><span class="line">/*!40103 SET TIME_ZONE=&apos;+00:00&apos; */;</span><br><span class="line">/*!40014 SET @OLD_UNIQUE_CHECKS=@@UNIQUE_CHECKS, UNIQUE_CHECKS=0 */;</span><br><span class="line">/*!40014 SET @OLD_FOREIGN_KEY_CHECKS=@@FOREIGN_KEY_CHECKS, FOREIGN_KEY_CHECKS=0 */;</span><br><span class="line">/*!40101 SET @OLD_SQL_MODE=@@SQL_MODE, SQL_MODE=&apos;NO_AUTO_VALUE_ON_ZERO&apos; */;</span><br><span class="line">/*!40111 SET @OLD_SQL_NOTES=@@SQL_NOTES, SQL_NOTES=0 */;</span><br><span class="line"></span><br><span class="line">--</span><br><span class="line">-- Table structure for table `test_test`</span><br><span class="line">--</span><br><span class="line"></span><br><span class="line">DROP TABLE IF EXISTS `test_test`;</span><br><span class="line">/*!40101 SET @saved_cs_client     = @@character_set_client */;</span><br><span class="line">/*!40101 SET character_set_client = utf8 */;</span><br><span class="line">CREATE TABLE `test_test` (</span><br><span class="line">  `id` int(4) DEFAULT NULL</span><br><span class="line">) ENGINE=InnoDB DEFAULT CHARSET=utf8;</span><br><span class="line">/*!40101 SET character_set_client = @saved_cs_client */;</span><br><span class="line"></span><br><span class="line">--</span><br><span class="line">-- Dumping data for table `test_test`</span><br><span class="line">--</span><br><span class="line"></span><br><span class="line">LOCK TABLES `test_test` WRITE;</span><br><span class="line">/*!40000 ALTER TABLE `test_test` DISABLE KEYS */;</span><br><span class="line">INSERT INTO `test_test` VALUES (1),(2),(3),(4);</span><br><span class="line">/*!40000 ALTER TABLE `test_test` ENABLE KEYS */;</span><br><span class="line">UNLOCK TABLES;</span><br><span class="line">/*!40103 SET TIME_ZONE=@OLD_TIME_ZONE */;</span><br><span class="line"></span><br><span class="line">/*!40101 SET SQL_MODE=@OLD_SQL_MODE */;</span><br><span class="line">/*!40014 SET FOREIGN_KEY_CHECKS=@OLD_FOREIGN_KEY_CHECKS */;</span><br><span class="line">/*!40014 SET UNIQUE_CHECKS=@OLD_UNIQUE_CHECKS */;</span><br><span class="line">/*!40101 SET CHARACTER_SET_CLIENT=@OLD_CHARACTER_SET_CLIENT */;</span><br><span class="line">/*!40101 SET CHARACTER_SET_RESULTS=@OLD_CHARACTER_SET_RESULTS */;</span><br><span class="line">/*!40101 SET COLLATION_CONNECTION=@OLD_COLLATION_CONNECTION */;</span><br><span class="line">/*!40111 SET SQL_NOTES=@OLD_SQL_NOTES */;</span><br><span class="line"></span><br><span class="line">-- Dump completed on 2019-05-06 23:45:37</span><br></pre></td></tr></table></figure></p><p><strong>、删除表test_test插入的部分数据</strong><br>在第三、四步中，我们向表ilannitable中插入了1、2、3、4四个数据。为了模拟在test数据库被破坏后的实际情形，我们现在把test数据库中的3这条数据给删除，如下：<br><figure class="highlight plain"><table><tr><td class="gutter"><pre><span class="line">1</span><br><span class="line">2</span><br><span class="line">3</span><br><span class="line">4</span><br><span class="line">5</span><br><span class="line">6</span><br><span class="line">7</span><br><span class="line">8</span><br><span class="line">9</span><br><span class="line">10</span><br><span class="line">11</span><br><span class="line">12</span><br></pre></td><td class="code"><pre><span class="line">mysql&gt; delete from test_test where id=3;</span><br><span class="line">Query OK, 1 row affected (0.00 sec)</span><br><span class="line"></span><br><span class="line">mysql&gt; select id from test_test;</span><br><span class="line">+------+</span><br><span class="line">| id   |</span><br><span class="line">+------+</span><br><span class="line">|    1 |</span><br><span class="line">|    2 |</span><br><span class="line">|    4 |</span><br><span class="line">+------+</span><br><span class="line">3 rows in set (0.00 sec)</span><br></pre></td></tr></table></figure></p><p>此时我们再次刷新binlog日志，生成新的binlog日志文件为mysql-bin.000004，如下：<br><figure class="highlight plain"><table><tr><td class="gutter"><pre><span class="line">1</span><br><span class="line">2</span><br><span class="line">3</span><br><span class="line">4</span><br><span class="line">5</span><br><span class="line">6</span><br><span class="line">7</span><br><span class="line">8</span><br><span class="line">9</span><br><span class="line">10</span><br><span class="line">11</span><br><span class="line">12</span><br><span class="line">13</span><br></pre></td><td class="code"><pre><span class="line">mysql&gt; flush logs;</span><br><span class="line">Query OK, 0 rows affected (0.01 sec)</span><br><span class="line"></span><br><span class="line">mysql&gt; show master logs;</span><br><span class="line">+------------------+-----------+</span><br><span class="line">| Log_name         | File_size |</span><br><span class="line">+------------------+-----------+</span><br><span class="line">| mysql-bin.000001 |       822 |</span><br><span class="line">| mysql-bin.000002 |       599 |</span><br><span class="line">| mysql-bin.000003 |       383 |</span><br><span class="line">| mysql-bin.000004 |       120 |</span><br><span class="line">+------------------+-----------+</span><br><span class="line">4 rows in set (0.00 sec)</span><br></pre></td></tr></table></figure></p><p><strong>10、删除数据库test</strong><br>上步中我们删除了数据记录3，现在我们来删除数据库test，如下：<br><figure class="highlight plain"><table><tr><td class="gutter"><pre><span class="line">1</span><br><span class="line">2</span><br><span class="line">3</span><br><span class="line">4</span><br><span class="line">5</span><br><span class="line">6</span><br><span class="line">7</span><br><span class="line">8</span><br><span class="line">9</span><br><span class="line">10</span><br><span class="line">11</span><br><span class="line">12</span><br></pre></td><td class="code"><pre><span class="line">mysql&gt; drop database test;</span><br><span class="line">Query OK, 1 row affected (0.01 sec)</span><br><span class="line"></span><br><span class="line">mysql&gt; show databases;</span><br><span class="line">+--------------------+</span><br><span class="line">| Database           |</span><br><span class="line">+--------------------+</span><br><span class="line">| information_schema |</span><br><span class="line">| mysql              |</span><br><span class="line">| performance_schema |</span><br><span class="line">+--------------------+</span><br><span class="line">3 rows in set (0.01 sec)</span><br></pre></td></tr></table></figure></p><p>删除完毕后，我们再次刷新binlog日志，生成新的binlog日志文件为mysql-bin.000005，如下：<br><figure class="highlight plain"><table><tr><td class="gutter"><pre><span class="line">1</span><br><span class="line">2</span><br><span class="line">3</span><br><span class="line">4</span><br><span class="line">5</span><br><span class="line">6</span><br><span class="line">7</span><br><span class="line">8</span><br><span class="line">9</span><br><span class="line">10</span><br><span class="line">11</span><br><span class="line">12</span><br><span class="line">13</span><br><span class="line">14</span><br></pre></td><td class="code"><pre><span class="line">mysql&gt; flush logs;</span><br><span class="line">Query OK, 0 rows affected (0.01 sec)</span><br><span class="line"></span><br><span class="line">mysql&gt; show master logs;</span><br><span class="line">+------------------+-----------+</span><br><span class="line">| Log_name         | File_size |</span><br><span class="line">+------------------+-----------+</span><br><span class="line">| mysql-bin.000001 |       822 |</span><br><span class="line">| mysql-bin.000002 |       599 |</span><br><span class="line">| mysql-bin.000003 |       383 |</span><br><span class="line">| mysql-bin.000004 |       259 |</span><br><span class="line">| mysql-bin.000005 |       120 |</span><br><span class="line">+------------------+-----------+</span><br><span class="line">5 rows in set (0.01 sec)</span><br></pre></td></tr></table></figure></p><p><strong>11、 各个binlog日志的内容解析</strong><br>现在mysql的binlog日志文件有5个，从mysql-bin.000001到mysql-bin.000005，其中在mysql-bin.000001中我们向iltest_test表中插入了1、2两条数据。</p><p>在mysql-bin.000002中我们向test表中插入了3、4两条数据，在mysql-bin.000003中我们从表ilannitabletest_test删除了3这条数据。在mysql-bin.000004中我们把ailanni数据库给删除了。<br>各个binlog日志的SQL操作语句，如下：<br><figure class="highlight plain"><table><tr><td class="gutter"><pre><span class="line">1</span><br><span class="line">2</span><br><span class="line">3</span><br><span class="line">4</span><br><span class="line">5</span><br><span class="line">6</span><br><span class="line">7</span><br><span class="line">8</span><br><span class="line">9</span><br><span class="line">10</span><br><span class="line">11</span><br><span class="line">12</span><br><span class="line">13</span><br><span class="line">14</span><br><span class="line">15</span><br><span class="line">16</span><br><span class="line">17</span><br><span class="line">18</span><br><span class="line">19</span><br><span class="line">20</span><br><span class="line">21</span><br><span class="line">22</span><br><span class="line">23</span><br><span class="line">24</span><br><span class="line">25</span><br><span class="line">26</span><br><span class="line">27</span><br><span class="line">28</span><br><span class="line">29</span><br><span class="line">30</span><br><span class="line">31</span><br><span class="line">32</span><br><span class="line">33</span><br><span class="line">34</span><br><span class="line">35</span><br><span class="line">36</span><br><span class="line">37</span><br><span class="line">38</span><br><span class="line">39</span><br><span class="line">40</span><br><span class="line">41</span><br><span class="line">42</span><br><span class="line">43</span><br><span class="line">44</span><br><span class="line">45</span><br><span class="line">46</span><br><span class="line">47</span><br><span class="line">48</span><br><span class="line">49</span><br><span class="line">50</span><br><span class="line">51</span><br><span class="line">52</span><br><span class="line">53</span><br><span class="line">54</span><br><span class="line">55</span><br><span class="line">56</span><br><span class="line">57</span><br><span class="line">58</span><br><span class="line">59</span><br><span class="line">60</span><br><span class="line">61</span><br><span class="line">62</span><br><span class="line">63</span><br><span class="line">64</span><br><span class="line">65</span><br><span class="line">66</span><br><span class="line">67</span><br><span class="line">68</span><br><span class="line">69</span><br><span class="line">70</span><br><span class="line">71</span><br><span class="line">72</span><br><span class="line">73</span><br><span class="line">74</span><br><span class="line">75</span><br><span class="line">76</span><br><span class="line">77</span><br><span class="line">78</span><br><span class="line">79</span><br><span class="line">80</span><br><span class="line">81</span><br><span class="line">82</span><br><span class="line">83</span><br><span class="line">84</span><br><span class="line">85</span><br><span class="line">86</span><br><span class="line">87</span><br><span class="line">88</span><br><span class="line">89</span><br><span class="line">90</span><br><span class="line">91</span><br><span class="line">92</span><br><span class="line">93</span><br><span class="line">94</span><br><span class="line">95</span><br><span class="line">96</span><br><span class="line">97</span><br><span class="line">98</span><br><span class="line">99</span><br><span class="line">100</span><br><span class="line">101</span><br><span class="line">102</span><br><span class="line">103</span><br><span class="line">104</span><br><span class="line">105</span><br><span class="line">106</span><br><span class="line">107</span><br><span class="line">108</span><br><span class="line">109</span><br><span class="line">110</span><br><span class="line">111</span><br><span class="line">112</span><br><span class="line">113</span><br><span class="line">114</span><br><span class="line">115</span><br><span class="line">116</span><br><span class="line">117</span><br><span class="line">118</span><br><span class="line">119</span><br><span class="line">120</span><br><span class="line">121</span><br><span class="line">122</span><br><span class="line">123</span><br><span class="line">124</span><br><span class="line">125</span><br><span class="line">126</span><br><span class="line">127</span><br><span class="line">128</span><br><span class="line">129</span><br><span class="line">130</span><br></pre></td><td class="code"><pre><span class="line">/usr/bin/mysqlbinlog /var/lib/mysql/mysql-bin.000001 </span><br><span class="line">/*!50530 SET @@SESSION.PSEUDO_SLAVE_MODE=1*/;</span><br><span class="line">/*!40019 SET @@session.max_insert_delayed_threads=0*/;</span><br><span class="line">/*!50003 SET @OLD_COMPLETION_TYPE=@@COMPLETION_TYPE,COMPLETION_TYPE=0*/;</span><br><span class="line">DELIMITER /*!*/;</span><br><span class="line"># at 4</span><br><span class="line">#190506 22:58:41 server id 1  end_log_pos 120 CRC32 0xba17a662 Start: binlog v 4, server v 5.6.44-log created 190506 22:58:41 at startup</span><br><span class="line">ROLLBACK/*!*/;</span><br><span class="line">BINLOG &apos;</span><br><span class="line">oUvQXA8BAAAAdAAAAHgAAAAAAAQANS42LjQ0LWxvZwAAAAAAAAAAAAAAAAAAAAAAAAAAAAAAAAAA</span><br><span class="line">AAAAAAAAAAAAAAAAAAChS9BcEzgNAAgAEgAEBAQEEgAAXAAEGggAAAAICAgCAAAACgoKGRkAAWKm</span><br><span class="line">F7o=</span><br><span class="line">&apos;/*!*/;</span><br><span class="line"># at 120</span><br><span class="line">#190506 23:07:36 server id 1  end_log_pos 235 CRC32 0xe64de19f Querythread_id=3exec_time=0error_code=0</span><br><span class="line">SET TIMESTAMP=1557155256/*!*/;</span><br><span class="line">SET @@session.pseudo_thread_id=3/*!*/;</span><br><span class="line">SET @@session.foreign_key_checks=1, @@session.sql_auto_is_null=0, @@session.unique_checks=1, @@session.autocommit=1/*!*/;</span><br><span class="line">SET @@session.sql_mode=1075838976/*!*/;</span><br><span class="line">SET @@session.auto_increment_increment=1, @@session.auto_increment_offset=1/*!*/;</span><br><span class="line">/*!\C utf8 *//*!*/;</span><br><span class="line">SET @@session.character_set_client=33,@@session.collation_connection=33,@@session.collation_server=8/*!*/;</span><br><span class="line">SET @@session.lc_time_names=0/*!*/;</span><br><span class="line">SET @@session.collation_database=DEFAULT/*!*/;</span><br><span class="line">create database test default charset utf8</span><br><span class="line">/*!*/;</span><br><span class="line"># at 235</span><br><span class="line">#190506 23:14:43 server id 1  end_log_pos 343 CRC32 0x75940a84 Querythread_id=3exec_time=0error_code=0</span><br><span class="line">use `test`/*!*/;</span><br><span class="line">SET TIMESTAMP=1557155683/*!*/;</span><br><span class="line">create table  test_test(id int(4))</span><br><span class="line">/*!*/;</span><br><span class="line"># at 343</span><br><span class="line">#190506 23:16:17 server id 1  end_log_pos 422 CRC32 0xe1b2ec7f Querythread_id=3exec_time=0error_code=0</span><br><span class="line">SET TIMESTAMP=1557155777/*!*/;</span><br><span class="line">BEGIN</span><br><span class="line">/*!*/;</span><br><span class="line"># at 422</span><br><span class="line">#190506 23:16:17 server id 1  end_log_pos 528 CRC32 0x712307cf Querythread_id=3exec_time=0error_code=0</span><br><span class="line">SET TIMESTAMP=1557155777/*!*/;</span><br><span class="line">insert into  test_test values(1)</span><br><span class="line">/*!*/;</span><br><span class="line"># at 528</span><br><span class="line">#190506 23:16:17 server id 1  end_log_pos 559 CRC32 0x6ae17c29 Xid = 19</span><br><span class="line">COMMIT/*!*/;</span><br><span class="line"># at 559</span><br><span class="line">#190506 23:16:24 server id 1  end_log_pos 638 CRC32 0x49295b87 Querythread_id=3exec_time=0error_code=0</span><br><span class="line">SET TIMESTAMP=1557155784/*!*/;</span><br><span class="line">BEGIN</span><br><span class="line">/*!*/;</span><br><span class="line"># at 638</span><br><span class="line">#190506 23:16:24 server id 1  end_log_pos 744 CRC32 0xad658998 Querythread_id=3exec_time=0error_code=0</span><br><span class="line">SET TIMESTAMP=1557155784/*!*/;</span><br><span class="line">insert into  test_test values(2)</span><br><span class="line">/*!*/;</span><br><span class="line"># at 744</span><br><span class="line">#190506 23:16:24 server id 1  end_log_pos 775 CRC32 0xef810790 Xid = 20</span><br><span class="line">COMMIT/*!*/;</span><br><span class="line"># at 775</span><br><span class="line">#190506 23:25:38 server id 1  end_log_pos 822 CRC32 0x68fa5169 Rotate to mysql-bin.000002  pos: 4</span><br><span class="line">DELIMITER ;</span><br><span class="line"># End of log file</span><br><span class="line">ROLLBACK /* added by mysqlbinlog */;</span><br><span class="line">/*!50003 SET COMPLETION_TYPE=@OLD_COMPLETION_TYPE*/;</span><br><span class="line">/*!50530 SET @@SESSION.PSEUDO_SLAVE_MODE=0*/;</span><br><span class="line">[root@10-46-143-76 ~]# /usr/bin/mysqlbinlog /var/lib/mysql/mysql-bin.000001 </span><br><span class="line">/*!50530 SET @@SESSION.PSEUDO_SLAVE_MODE=1*/;</span><br><span class="line">/*!40019 SET @@session.max_insert_delayed_threads=0*/;</span><br><span class="line">/*!50003 SET @OLD_COMPLETION_TYPE=@@COMPLETION_TYPE,COMPLETION_TYPE=0*/;</span><br><span class="line">DELIMITER /*!*/;</span><br><span class="line"># at 4</span><br><span class="line">#190506 22:58:41 server id 1  end_log_pos 120 CRC32 0xba17a662 Start: binlog v 4, server v 5.6.44-log created 190506 22:58:41 at startup</span><br><span class="line">ROLLBACK/*!*/;</span><br><span class="line">BINLOG &apos;</span><br><span class="line">oUvQXA8BAAAAdAAAAHgAAAAAAAQANS42LjQ0LWxvZwAAAAAAAAAAAAAAAAAAAAAAAAAAAAAAAAAA</span><br><span class="line">AAAAAAAAAAAAAAAAAAChS9BcEzgNAAgAEgAEBAQEEgAAXAAEGggAAAAICAgCAAAACgoKGRkAAWKm</span><br><span class="line">F7o=</span><br><span class="line">&apos;/*!*/;</span><br><span class="line"># at 120</span><br><span class="line">#190506 23:07:36 server id 1  end_log_pos 235 CRC32 0xe64de19f Querythread_id=3exec_time=0error_code=0</span><br><span class="line">SET TIMESTAMP=1557155256/*!*/;</span><br><span class="line">SET @@session.pseudo_thread_id=3/*!*/;</span><br><span class="line">SET @@session.foreign_key_checks=1, @@session.sql_auto_is_null=0, @@session.unique_checks=1, @@session.autocommit=1/*!*/;</span><br><span class="line">SET @@session.sql_mode=1075838976/*!*/;</span><br><span class="line">SET @@session.auto_increment_increment=1, @@session.auto_increment_offset=1/*!*/;</span><br><span class="line">/*!\C utf8 *//*!*/;</span><br><span class="line">SET @@session.character_set_client=33,@@session.collation_connection=33,@@session.collation_server=8/*!*/;</span><br><span class="line">SET @@session.lc_time_names=0/*!*/;</span><br><span class="line">SET @@session.collation_database=DEFAULT/*!*/;</span><br><span class="line">create database test default charset utf8</span><br><span class="line">/*!*/;</span><br><span class="line"># at 235</span><br><span class="line">#190506 23:14:43 server id 1  end_log_pos 343 CRC32 0x75940a84 Querythread_id=3exec_time=0error_code=0</span><br><span class="line">use `test`/*!*/;</span><br><span class="line">SET TIMESTAMP=1557155683/*!*/;</span><br><span class="line">create table  test_test(id int(4))</span><br><span class="line">/*!*/;</span><br><span class="line"># at 343</span><br><span class="line">#190506 23:16:17 server id 1  end_log_pos 422 CRC32 0xe1b2ec7f Querythread_id=3exec_time=0error_code=0</span><br><span class="line">SET TIMESTAMP=1557155777/*!*/;</span><br><span class="line">BEGIN</span><br><span class="line">/*!*/;</span><br><span class="line"># at 422</span><br><span class="line">#190506 23:16:17 server id 1  end_log_pos 528 CRC32 0x712307cf Querythread_id=3exec_time=0error_code=0</span><br><span class="line">SET TIMESTAMP=1557155777/*!*/;</span><br><span class="line">insert into  test_test values(1)</span><br><span class="line">/*!*/;</span><br><span class="line"># at 528</span><br><span class="line">#190506 23:16:17 server id 1  end_log_pos 559 CRC32 0x6ae17c29 Xid = 19</span><br><span class="line">COMMIT/*!*/;</span><br><span class="line"># at 559</span><br><span class="line">#190506 23:16:24 server id 1  end_log_pos 638 CRC32 0x49295b87 Querythread_id=3exec_time=0error_code=0</span><br><span class="line">SET TIMESTAMP=1557155784/*!*/;</span><br><span class="line">BEGIN</span><br><span class="line">/*!*/;</span><br><span class="line"># at 638</span><br><span class="line">#190506 23:16:24 server id 1  end_log_pos 744 CRC32 0xad658998 Querythread_id=3exec_time=0error_code=0</span><br><span class="line">SET TIMESTAMP=1557155784/*!*/;</span><br><span class="line">insert into  test_test values(2)</span><br><span class="line">/*!*/;</span><br><span class="line"># at 744</span><br><span class="line">#190506 23:16:24 server id 1  end_log_pos 775 CRC32 0xef810790 Xid = 20</span><br><span class="line">COMMIT/*!*/;</span><br><span class="line"># at 775</span><br><span class="line">#190506 23:25:38 server id 1  end_log_pos 822 CRC32 0x68fa5169 Rotate to mysql-bin.000002  pos: 4</span><br><span class="line">DELIMITER ;</span><br><span class="line"># End of log file</span><br><span class="line">ROLLBACK /* added by mysqlbinlog */;</span><br><span class="line">/*!50003 SET COMPLETION_TYPE=@OLD_COMPLETION_TYPE*/;</span><br><span class="line">/*!50530 SET @@SESSION.PSEUDO_SLAVE_MODE=0*/;</span><br></pre></td></tr></table></figure></p><figure class="highlight plain"><table><tr><td class="gutter"><pre><span class="line">1</span><br><span class="line">2</span><br><span class="line">3</span><br><span class="line">4</span><br><span class="line">5</span><br><span class="line">6</span><br><span class="line">7</span><br><span class="line">8</span><br><span class="line">9</span><br><span class="line">10</span><br><span class="line">11</span><br><span class="line">12</span><br><span class="line">13</span><br><span class="line">14</span><br><span class="line">15</span><br><span class="line">16</span><br><span class="line">17</span><br><span class="line">18</span><br><span class="line">19</span><br><span class="line">20</span><br><span class="line">21</span><br><span class="line">22</span><br><span class="line">23</span><br><span class="line">24</span><br><span class="line">25</span><br><span class="line">26</span><br><span class="line">27</span><br><span class="line">28</span><br><span class="line">29</span><br><span class="line">30</span><br><span class="line">31</span><br><span class="line">32</span><br><span class="line">33</span><br><span class="line">34</span><br><span class="line">35</span><br><span class="line">36</span><br><span class="line">37</span><br><span class="line">38</span><br><span class="line">39</span><br><span class="line">40</span><br><span class="line">41</span><br><span class="line">42</span><br><span class="line">43</span><br><span class="line">44</span><br><span class="line">45</span><br><span class="line">46</span><br><span class="line">47</span><br><span class="line">48</span><br><span class="line">49</span><br><span class="line">50</span><br><span class="line">51</span><br><span class="line">52</span><br><span class="line">53</span><br><span class="line">54</span><br></pre></td><td class="code"><pre><span class="line">[root@10-46-143-76 ~]# /usr/bin/mysqlbinlog /var/lib/mysql/mysql-bin.000002</span><br><span class="line">/*!50530 SET @@SESSION.PSEUDO_SLAVE_MODE=1*/;</span><br><span class="line">/*!40019 SET @@session.max_insert_delayed_threads=0*/;</span><br><span class="line">/*!50003 SET @OLD_COMPLETION_TYPE=@@COMPLETION_TYPE,COMPLETION_TYPE=0*/;</span><br><span class="line">DELIMITER /*!*/;</span><br><span class="line"># at 4</span><br><span class="line">#190506 23:25:38 server id 1  end_log_pos 120 CRC32 0x47d99eba Start: binlog v 4, server v 5.6.44-log created 190506 23:25:38</span><br><span class="line">BINLOG &apos;</span><br><span class="line">8lHQXA8BAAAAdAAAAHgAAAAAAAQANS42LjQ0LWxvZwAAAAAAAAAAAAAAAAAAAAAAAAAAAAAAAAAA</span><br><span class="line">AAAAAAAAAAAAAAAAAAAAAAAAEzgNAAgAEgAEBAQEEgAAXAAEGggAAAAICAgCAAAACgoKGRkAAbqe</span><br><span class="line">2Uc=</span><br><span class="line">&apos;/*!*/;</span><br><span class="line"># at 120</span><br><span class="line">#190506 23:28:36 server id 1  end_log_pos 199 CRC32 0x7db4b53f Querythread_id=3exec_time=0error_code=0</span><br><span class="line">SET TIMESTAMP=1557156516/*!*/;</span><br><span class="line">SET @@session.pseudo_thread_id=3/*!*/;</span><br><span class="line">SET @@session.foreign_key_checks=1, @@session.sql_auto_is_null=0, @@session.unique_checks=1, @@session.autocommit=1/*!*/;</span><br><span class="line">SET @@session.sql_mode=1075838976/*!*/;</span><br><span class="line">SET @@session.auto_increment_increment=1, @@session.auto_increment_offset=1/*!*/;</span><br><span class="line">/*!\C utf8 *//*!*/;</span><br><span class="line">SET @@session.character_set_client=33,@@session.collation_connection=33,@@session.collation_server=8/*!*/;</span><br><span class="line">SET @@session.lc_time_names=0/*!*/;</span><br><span class="line">SET @@session.collation_database=DEFAULT/*!*/;</span><br><span class="line">BEGIN</span><br><span class="line">/*!*/;</span><br><span class="line"># at 199</span><br><span class="line">#190506 23:28:36 server id 1  end_log_pos 305 CRC32 0x13afbe9c Querythread_id=3exec_time=0error_code=0</span><br><span class="line">use `test`/*!*/;</span><br><span class="line">SET TIMESTAMP=1557156516/*!*/;</span><br><span class="line">insert into  test_test values(3)</span><br><span class="line">/*!*/;</span><br><span class="line"># at 305</span><br><span class="line">#190506 23:28:36 server id 1  end_log_pos 336 CRC32 0xd965c0aa Xid = 25</span><br><span class="line">COMMIT/*!*/;</span><br><span class="line"># at 336</span><br><span class="line">#190506 23:28:40 server id 1  end_log_pos 415 CRC32 0x462c686d Querythread_id=3exec_time=0error_code=0</span><br><span class="line">SET TIMESTAMP=1557156520/*!*/;</span><br><span class="line">BEGIN</span><br><span class="line">/*!*/;</span><br><span class="line"># at 415</span><br><span class="line">#190506 23:28:40 server id 1  end_log_pos 521 CRC32 0xf6656ce4 Querythread_id=3exec_time=0error_code=0</span><br><span class="line">SET TIMESTAMP=1557156520/*!*/;</span><br><span class="line">insert into  test_test values(4)</span><br><span class="line">/*!*/;</span><br><span class="line"># at 521</span><br><span class="line">#190506 23:28:40 server id 1  end_log_pos 552 CRC32 0x90d5bb3b Xid = 26</span><br><span class="line">COMMIT/*!*/;</span><br><span class="line"># at 552</span><br><span class="line">#190506 23:30:20 server id 1  end_log_pos 599 CRC32 0x8ca4ff34 Rotate to mysql-bin.000003  pos: 4</span><br><span class="line">DELIMITER ;</span><br><span class="line"># End of log file</span><br><span class="line">ROLLBACK /* added by mysqlbinlog */;</span><br><span class="line">/*!50003 SET COMPLETION_TYPE=@OLD_COMPLETION_TYPE*/;</span><br><span class="line">/*!50530 SET @@SESSION.PSEUDO_SLAVE_MODE=0*/;</span><br></pre></td></tr></table></figure><figure class="highlight plain"><table><tr><td class="gutter"><pre><span class="line">1</span><br><span class="line">2</span><br><span class="line">3</span><br><span class="line">4</span><br><span class="line">5</span><br><span class="line">6</span><br><span class="line">7</span><br><span class="line">8</span><br><span class="line">9</span><br><span class="line">10</span><br><span class="line">11</span><br><span class="line">12</span><br><span class="line">13</span><br><span class="line">14</span><br><span class="line">15</span><br><span class="line">16</span><br><span class="line">17</span><br><span class="line">18</span><br><span class="line">19</span><br><span class="line">20</span><br><span class="line">21</span><br><span class="line">22</span><br><span class="line">23</span><br><span class="line">24</span><br><span class="line">25</span><br><span class="line">26</span><br><span class="line">27</span><br><span class="line">28</span><br><span class="line">29</span><br><span class="line">30</span><br><span class="line">31</span><br><span class="line">32</span><br><span class="line">33</span><br><span class="line">34</span><br><span class="line">35</span><br><span class="line">36</span><br><span class="line">37</span><br><span class="line">38</span><br><span class="line">39</span><br><span class="line">40</span><br><span class="line">41</span><br></pre></td><td class="code"><pre><span class="line">[root@10-46-143-76 ~]# /usr/bin/mysqlbinlog /var/lib/mysql/mysql-bin.000003</span><br><span class="line">/*!50530 SET @@SESSION.PSEUDO_SLAVE_MODE=1*/;</span><br><span class="line">/*!40019 SET @@session.max_insert_delayed_threads=0*/;</span><br><span class="line">/*!50003 SET @OLD_COMPLETION_TYPE=@@COMPLETION_TYPE,COMPLETION_TYPE=0*/;</span><br><span class="line">DELIMITER /*!*/;</span><br><span class="line"># at 4</span><br><span class="line">#190506 23:30:20 server id 1  end_log_pos 120 CRC32 0xe2ef5617 Start: binlog v 4, server v 5.6.44-log created 190506 23:30:20</span><br><span class="line">BINLOG &apos;</span><br><span class="line">DFPQXA8BAAAAdAAAAHgAAAAAAAQANS42LjQ0LWxvZwAAAAAAAAAAAAAAAAAAAAAAAAAAAAAAAAAA</span><br><span class="line">AAAAAAAAAAAAAAAAAAAAAAAAEzgNAAgAEgAEBAQEEgAAXAAEGggAAAAICAgCAAAACgoKGRkAARdW</span><br><span class="line">7+I=</span><br><span class="line">&apos;/*!*/;</span><br><span class="line"># at 120</span><br><span class="line">#190506 23:50:17 server id 1  end_log_pos 199 CRC32 0x40c66094 Querythread_id=3exec_time=0error_code=0</span><br><span class="line">SET TIMESTAMP=1557157817/*!*/;</span><br><span class="line">SET @@session.pseudo_thread_id=3/*!*/;</span><br><span class="line">SET @@session.foreign_key_checks=1, @@session.sql_auto_is_null=0, @@session.unique_checks=1, @@session.autocommit=1/*!*/;</span><br><span class="line">SET @@session.sql_mode=1075838976/*!*/;</span><br><span class="line">SET @@session.auto_increment_increment=1, @@session.auto_increment_offset=1/*!*/;</span><br><span class="line">/*!\C utf8 *//*!*/;</span><br><span class="line">SET @@session.character_set_client=33,@@session.collation_connection=33,@@session.collation_server=8/*!*/;</span><br><span class="line">SET @@session.lc_time_names=0/*!*/;</span><br><span class="line">SET @@session.collation_database=DEFAULT/*!*/;</span><br><span class="line">BEGIN</span><br><span class="line">/*!*/;</span><br><span class="line"># at 199</span><br><span class="line">#190506 23:50:17 server id 1  end_log_pos 305 CRC32 0x54833004 Querythread_id=3exec_time=0error_code=0</span><br><span class="line">use `test`/*!*/;</span><br><span class="line">SET TIMESTAMP=1557157817/*!*/;</span><br><span class="line">delete from test_test where id=3</span><br><span class="line">/*!*/;</span><br><span class="line"># at 305</span><br><span class="line">#190506 23:50:17 server id 1  end_log_pos 336 CRC32 0xcc394852 Xid = 116</span><br><span class="line">COMMIT/*!*/;</span><br><span class="line"># at 336</span><br><span class="line">#190506 23:51:26 server id 1  end_log_pos 383 CRC32 0xb9043b04 Rotate to mysql-bin.000004  pos: 4</span><br><span class="line">DELIMITER ;</span><br><span class="line"># End of log file</span><br><span class="line">ROLLBACK /* added by mysqlbinlog */;</span><br><span class="line">/*!50003 SET COMPLETION_TYPE=@OLD_COMPLETION_TYPE*/;</span><br><span class="line">/*!50530 SET @@SESSION.PSEUDO_SLAVE_MODE=0*/;</span><br></pre></td></tr></table></figure><figure class="highlight plain"><table><tr><td class="gutter"><pre><span class="line">1</span><br><span class="line">2</span><br><span class="line">3</span><br><span class="line">4</span><br><span class="line">5</span><br><span class="line">6</span><br><span class="line">7</span><br><span class="line">8</span><br><span class="line">9</span><br><span class="line">10</span><br><span class="line">11</span><br><span class="line">12</span><br><span class="line">13</span><br><span class="line">14</span><br><span class="line">15</span><br><span class="line">16</span><br><span class="line">17</span><br><span class="line">18</span><br><span class="line">19</span><br><span class="line">20</span><br><span class="line">21</span><br><span class="line">22</span><br><span class="line">23</span><br><span class="line">24</span><br><span class="line">25</span><br><span class="line">26</span><br><span class="line">27</span><br><span class="line">28</span><br><span class="line">29</span><br><span class="line">30</span><br><span class="line">31</span><br><span class="line">32</span><br></pre></td><td class="code"><pre><span class="line">[root@10-46-143-76 ~]# /usr/bin/mysqlbinlog /var/lib/mysql/mysql-bin.000004</span><br><span class="line">/*!50530 SET @@SESSION.PSEUDO_SLAVE_MODE=1*/;</span><br><span class="line">/*!40019 SET @@session.max_insert_delayed_threads=0*/;</span><br><span class="line">/*!50003 SET @OLD_COMPLETION_TYPE=@@COMPLETION_TYPE,COMPLETION_TYPE=0*/;</span><br><span class="line">DELIMITER /*!*/;</span><br><span class="line"># at 4</span><br><span class="line">#190506 23:51:26 server id 1  end_log_pos 120 CRC32 0x15ed3699 Start: binlog v 4, server v 5.6.44-log created 190506 23:51:26</span><br><span class="line">BINLOG &apos;</span><br><span class="line">/lfQXA8BAAAAdAAAAHgAAAAAAAQANS42LjQ0LWxvZwAAAAAAAAAAAAAAAAAAAAAAAAAAAAAAAAAA</span><br><span class="line">AAAAAAAAAAAAAAAAAAAAAAAAEzgNAAgAEgAEBAQEEgAAXAAEGggAAAAICAgCAAAACgoKGRkAAZk2</span><br><span class="line">7RU=</span><br><span class="line">&apos;/*!*/;</span><br><span class="line"># at 120</span><br><span class="line">#190506 23:53:16 server id 1  end_log_pos 212 CRC32 0xc1f4ea3d Querythread_id=3exec_time=0error_code=0</span><br><span class="line">SET TIMESTAMP=1557157996/*!*/;</span><br><span class="line">SET @@session.pseudo_thread_id=3/*!*/;</span><br><span class="line">SET @@session.foreign_key_checks=1, @@session.sql_auto_is_null=0, @@session.unique_checks=1, @@session.autocommit=1/*!*/;</span><br><span class="line">SET @@session.sql_mode=1075838976/*!*/;</span><br><span class="line">SET @@session.auto_increment_increment=1, @@session.auto_increment_offset=1/*!*/;</span><br><span class="line">/*!\C utf8 *//*!*/;</span><br><span class="line">SET @@session.character_set_client=33,@@session.collation_connection=33,@@session.collation_server=8/*!*/;</span><br><span class="line">SET @@session.lc_time_names=0/*!*/;</span><br><span class="line">SET @@session.collation_database=DEFAULT/*!*/;</span><br><span class="line">drop database test</span><br><span class="line">/*!*/;</span><br><span class="line"># at 212</span><br><span class="line">#190506 23:53:55 server id 1  end_log_pos 259 CRC32 0xc9420b38 Rotate to mysql-bin.000005  pos: 4</span><br><span class="line">DELIMITER ;</span><br><span class="line"># End of log file</span><br><span class="line">ROLLBACK /* added by mysqlbinlog */;</span><br><span class="line">/*!50003 SET COMPLETION_TYPE=@OLD_COMPLETION_TYPE*/;</span><br><span class="line">/*!50530 SET @@SESSION.PSEUDO_SLAVE_MODE=0*/;</span><br></pre></td></tr></table></figure><p><strong>12、恢复全部数据</strong><br>现在我们要恢复test数据库，在此首先有关test数据库是否存在的情况要说明下。<br>如果目前mysql数据库服务器上有test这个数据库，那么我们在恢复数据时，就不需要重新创建test数据库。如果目前mysql数据库服务器上没有test这个数据库，那么我们就需要重新创建一个空的test数据库。即该数据库只是一个空的库，里面没有任何表或者其他的元素。<br>如果不创建test数据库的话，我们在通过mysql命令恢复数据库时，系统就会报错，如下：<br><figure class="highlight plain"><table><tr><td class="gutter"><pre><span class="line">1</span><br><span class="line">2</span><br><span class="line">3</span><br></pre></td><td class="code"><pre><span class="line">[root@10-46-143-76 ~]# mysql -uroot -p test &lt;back_2019-05-06.sql </span><br><span class="line">Enter password: </span><br><span class="line">ERROR 1049 (42000): Unknown database &apos;test&apos;</span><br></pre></td></tr></table></figure></p><figure class="highlight plain"><table><tr><td class="gutter"><pre><span class="line">1</span><br><span class="line">2</span><br><span class="line">3</span><br><span class="line">4</span><br><span class="line">5</span><br><span class="line">6</span><br><span class="line">7</span><br><span class="line">8</span><br><span class="line">9</span><br><span class="line">10</span><br><span class="line">11</span><br><span class="line">12</span><br><span class="line">13</span><br><span class="line">14</span><br><span class="line">15</span><br><span class="line">16</span><br><span class="line">17</span><br><span class="line">18</span><br><span class="line">19</span><br><span class="line">20</span><br><span class="line">21</span><br><span class="line">22</span><br><span class="line">23</span><br><span class="line">24</span><br><span class="line">25</span><br><span class="line">26</span><br><span class="line">27</span><br><span class="line">28</span><br><span class="line">29</span><br><span class="line">30</span><br><span class="line">31</span><br><span class="line">32</span><br><span class="line">33</span><br></pre></td><td class="code"><pre><span class="line">[root@10-46-143-76 ~]# mysql -uroot -p -e &apos;create database test default charset utf8;&apos;</span><br><span class="line">Enter password: </span><br><span class="line">[root@10-46-143-76 ~]# mysql -uroot -p test &lt;back_2019-05-06.sql </span><br><span class="line">Enter password: </span><br><span class="line">[root@10-46-143-76 ~]# mysql -uroot -p </span><br><span class="line">Enter password: </span><br><span class="line">Welcome to the MySQL monitor.  Commands end with ; or \g.</span><br><span class="line">Your MySQL connection id is 13</span><br><span class="line">Server version: 5.6.44-log MySQL Community Server (GPL)</span><br><span class="line"></span><br><span class="line">Copyright (c) 2000, 2019, Oracle and/or its affiliates. All rights reserved.</span><br><span class="line"></span><br><span class="line">Oracle is a registered trademark of Oracle Corporation and/or its</span><br><span class="line">affiliates. Other names may be trademarks of their respective</span><br><span class="line">owners.</span><br><span class="line"></span><br><span class="line">Type &apos;help;&apos; or &apos;\h&apos; for help. Type &apos;\c&apos; to clear the current input statement.</span><br><span class="line"></span><br><span class="line">mysql&gt; use test;</span><br><span class="line">Reading table information for completion of table and column names</span><br><span class="line">You can turn off this feature to get a quicker startup with -A</span><br><span class="line"></span><br><span class="line">Database changed</span><br><span class="line">mysql&gt; select id from test_test;</span><br><span class="line">+------+</span><br><span class="line">| id   |</span><br><span class="line">+------+</span><br><span class="line">|    1 |</span><br><span class="line">|    2 |</span><br><span class="line">|    3 |</span><br><span class="line">|    4 |</span><br><span class="line">+------+</span><br><span class="line">4 rows in set (0.00 sec)</span><br></pre></td></tr></table></figure><p>我们可以看出，目前test数据库已全部被恢复，而且数据一个也没丢失。<br><strong>12、恢复test数据库指定的部分</strong><br>在通过mysql的binlog日志恢复数据库时，我们可以指定数据库恢复的位置、恢复的时间，同时也可以不指定数据库恢复的位置和时间。<br>现在我们要求把数据库恢复到删除数据记录3时的状态。即数据库只有1、2、4这三条数据<br><figure class="highlight plain"><table><tr><td class="gutter"><pre><span class="line">1</span><br><span class="line">2</span><br><span class="line">3</span><br><span class="line">4</span><br><span class="line">5</span><br><span class="line">6</span><br><span class="line">7</span><br><span class="line">8</span><br><span class="line">9</span><br><span class="line">10</span><br><span class="line">11</span><br><span class="line">12</span><br><span class="line">13</span><br><span class="line">14</span><br><span class="line">15</span><br><span class="line">16</span><br><span class="line">17</span><br><span class="line">18</span><br><span class="line">19</span><br><span class="line">20</span><br><span class="line">21</span><br><span class="line">22</span><br><span class="line">23</span><br><span class="line">24</span><br><span class="line">25</span><br><span class="line">26</span><br><span class="line">27</span><br><span class="line">28</span><br><span class="line">29</span><br><span class="line">30</span><br><span class="line">31</span><br><span class="line">32</span><br></pre></td><td class="code"><pre><span class="line">[root@10-46-143-76 ~]# mysqlbinlog /var/lib/mysql/mysql-bin.000003 |mysql -uroot -p</span><br><span class="line">Enter password: </span><br><span class="line">[root@10-46-143-76 ~]# mysql -uroot -p</span><br><span class="line">Enter password: </span><br><span class="line">Welcome to the MySQL monitor.  Commands end with ; or \g.</span><br><span class="line">Your MySQL connection id is 34</span><br><span class="line">Server version: 5.6.44-log MySQL Community Server (GPL)</span><br><span class="line"></span><br><span class="line">Copyright (c) 2000, 2019, Oracle and/or its affiliates. All rights reserved.</span><br><span class="line"></span><br><span class="line">Oracle is a registered trademark of Oracle Corporation and/or its</span><br><span class="line">affiliates. Other names may be trademarks of their respective</span><br><span class="line">owners.</span><br><span class="line"></span><br><span class="line">Type &apos;help;&apos; or &apos;\h&apos; for help. Type &apos;\c&apos; to clear the current input statement.</span><br><span class="line"></span><br><span class="line">mysql&gt; use test;</span><br><span class="line">Reading table information for completion of table and column names</span><br><span class="line">You can turn off this feature to get a quicker startup with -A</span><br><span class="line"></span><br><span class="line">Database changed</span><br><span class="line">mysql&gt; select id from test_test;</span><br><span class="line">+------+</span><br><span class="line">| id   |</span><br><span class="line">+------+</span><br><span class="line">|    1 |</span><br><span class="line">|    2 |</span><br><span class="line">|    4 |</span><br><span class="line">+------+</span><br><span class="line">3 rows in set (0.00 sec)</span><br><span class="line"></span><br><span class="line">mysql&gt;</span><br></pre></td></tr></table></figure></p><p>通过上图我们可以看到此时数据库test已经恢复到删除数据3时的状态了，test数据库中确实只有1、2、4，这三条数据。这样也达到我们的要求了。<br><strong>重要说明：通过上面的文章，我们知道现在ailanni数据库的情况是，已经恢复全部数据。为了继续做下面的实验，我们需要把数据库恢复到还没有进行完全备份之前的状态，数据库还没有数据的状态，我们需要做的是清空现在的test数据库，保持test是一个空的数据库。但是test的数据库的表结构，主键，外键等等信息都是完整的。<br>同时还要注意，如果在同一个时间点，binlog中有执行过多条sql语句的话，那么我们在恢复数据库的时候，一定要根据pos节点的位置来恢复数据，切记切记。因为此时在binlog日志中，时间节点是一样的，但是pos位置节点是唯一的</strong><br><figure class="highlight plain"><table><tr><td class="gutter"><pre><span class="line">1</span><br><span class="line">2</span><br><span class="line">3</span><br><span class="line">4</span><br><span class="line">5</span><br><span class="line">6</span><br><span class="line">7</span><br></pre></td><td class="code"><pre><span class="line">mysql&gt; delete from test_test;</span><br><span class="line">Query OK, 3 rows affected (0.01 sec)</span><br><span class="line"></span><br><span class="line">mysql&gt; select id from test_test;</span><br><span class="line">Empty set (0.00 sec)</span><br><span class="line"></span><br><span class="line">mysql&gt;</span><br></pre></td></tr></table></figure></p><p><strong>13、指定时间来恢复数据库</strong><br>要恢复到删除3的状态，首先必须保证此时数据库中的数据已经存在3的数据，即先恢复mysql-bin.000001和mysql-bin.000002的状态！<br>比如：<br>我直接不恢复mysql-bin.000001的数据，直接恢复mysql-bin.000002的数据，则只会恢复3，4的数据，如下：<br><figure class="highlight plain"><table><tr><td class="gutter"><pre><span class="line">1</span><br><span class="line">2</span><br><span class="line">3</span><br><span class="line">4</span><br><span class="line">5</span><br><span class="line">6</span><br><span class="line">7</span><br><span class="line">8</span><br><span class="line">9</span><br><span class="line">10</span><br><span class="line">11</span><br><span class="line">12</span><br><span class="line">13</span><br><span class="line">14</span><br><span class="line">15</span><br><span class="line">16</span><br><span class="line">17</span><br><span class="line">18</span><br><span class="line">19</span><br><span class="line">20</span><br><span class="line">21</span><br><span class="line">22</span><br><span class="line">23</span><br><span class="line">24</span><br><span class="line">25</span><br><span class="line">26</span><br><span class="line">27</span><br><span class="line">28</span><br><span class="line">29</span><br></pre></td><td class="code"><pre><span class="line">[root@10-46-143-76 ~]# mysqlbinlog /var/lib/mysql/mysql-bin.000002 |mysql -uroot -p</span><br><span class="line">Enter password: </span><br><span class="line">[root@10-46-143-76 ~]# mysql -uroot -p</span><br><span class="line">Enter password: </span><br><span class="line">Welcome to the MySQL monitor.  Commands end with ; or \g.</span><br><span class="line">Your MySQL connection id is 51</span><br><span class="line">Server version: 5.6.44-log MySQL Community Server (GPL)</span><br><span class="line"></span><br><span class="line">Copyright (c) 2000, 2019, Oracle and/or its affiliates. All rights reserved.</span><br><span class="line"></span><br><span class="line">Oracle is a registered trademark of Oracle Corporation and/or its</span><br><span class="line">affiliates. Other names may be trademarks of their respective</span><br><span class="line">owners.</span><br><span class="line"></span><br><span class="line">Type &apos;help;&apos; or &apos;\h&apos; for help. Type &apos;\c&apos; to clear the current input statement.</span><br><span class="line"></span><br><span class="line">mysql&gt; use test;</span><br><span class="line">Reading table information for completion of table and column names</span><br><span class="line">You can turn off this feature to get a quicker startup with -A</span><br><span class="line"></span><br><span class="line">Database changed</span><br><span class="line">mysql&gt; select id from test_test;</span><br><span class="line">+------+</span><br><span class="line">| id   |</span><br><span class="line">+------+</span><br><span class="line">|    3 |</span><br><span class="line">|    4 |</span><br><span class="line">+------+</span><br><span class="line">2 rows in set (0.00 sec)</span><br></pre></td></tr></table></figure></p><p>此时再恢复mysql-bin.000001<br><figure class="highlight plain"><table><tr><td class="gutter"><pre><span class="line">1</span><br><span class="line">2</span><br><span class="line">3</span><br></pre></td><td class="code"><pre><span class="line">[root@10-46-143-76 ~]# mysqlbinlog /var/lib/mysql/mysql-bin.000001 |mysql -uroot -p</span><br><span class="line">Enter password: </span><br><span class="line">ERROR 1007 (HY000) at line 24: Can&apos;t create database &apos;test&apos;; database exists</span><br></pre></td></tr></table></figure></p><figure class="highlight plain"><table><tr><td class="gutter"><pre><span class="line">1</span><br><span class="line">2</span><br><span class="line">3</span><br><span class="line">4</span><br><span class="line">5</span><br><span class="line">6</span><br><span class="line">7</span><br><span class="line">8</span><br><span class="line">9</span><br><span class="line">10</span><br><span class="line">11</span><br><span class="line">12</span><br><span class="line">13</span><br><span class="line">14</span><br><span class="line">15</span><br><span class="line">16</span><br><span class="line">17</span><br><span class="line">18</span><br><span class="line">19</span><br><span class="line">20</span><br><span class="line">21</span><br><span class="line">22</span><br><span class="line">23</span><br><span class="line">24</span><br><span class="line">25</span><br><span class="line">26</span><br><span class="line">27</span><br><span class="line">28</span><br><span class="line">29</span><br><span class="line">30</span><br><span class="line">31</span><br><span class="line">32</span><br><span class="line">33</span><br><span class="line">34</span><br><span class="line">35</span><br><span class="line">36</span><br></pre></td><td class="code"><pre><span class="line">[root@10-46-143-76 ~]# mysqlbinlog /var/lib/mysql/mysql-bin.000001 |mysql -uroot -p</span><br><span class="line">Enter password: </span><br><span class="line">[root@10-46-143-76 ~]# mysqlbinlog /var/lib/mysql/mysql-bin.000002 |mysql -uroot -p</span><br><span class="line">Enter password: </span><br><span class="line">[root@10-46-143-76 ~]# mysqlbinlog  /var/lib/mysql/mysql-bin.000003  --stop-datetime=&apos;2019-05-06 23:51:26&apos;|mysql -uroot -p</span><br><span class="line">Enter password: </span><br><span class="line">[root@10-46-143-76 ~]# mysql -uroot -p</span><br><span class="line">Enter password: </span><br><span class="line">Welcome to the MySQL monitor.  Commands end with ; or \g.</span><br><span class="line">Your MySQL connection id is 57</span><br><span class="line">Server version: 5.6.44-log MySQL Community Server (GPL)</span><br><span class="line"></span><br><span class="line">Copyright (c) 2000, 2019, Oracle and/or its affiliates. All rights reserved.</span><br><span class="line"></span><br><span class="line">Oracle is a registered trademark of Oracle Corporation and/or its</span><br><span class="line">affiliates. Other names may be trademarks of their respective</span><br><span class="line">owners.</span><br><span class="line"></span><br><span class="line">Type &apos;help;&apos; or &apos;\h&apos; for help. Type &apos;\c&apos; to clear the current input statement.</span><br><span class="line"></span><br><span class="line">mysql&gt; use test;</span><br><span class="line">Reading table information for completion of table and column names</span><br><span class="line">You can turn off this feature to get a quicker startup with -A</span><br><span class="line"></span><br><span class="line">Database changed</span><br><span class="line">mysql&gt; select id from test_test;</span><br><span class="line">+------+</span><br><span class="line">| id   |</span><br><span class="line">+------+</span><br><span class="line">|    1 |</span><br><span class="line">|    2 |</span><br><span class="line">|    4 |</span><br><span class="line">+------+</span><br><span class="line">3 rows in set (0.00 sec)</span><br><span class="line"></span><br><span class="line">mysql&gt;</span><br></pre></td></tr></table></figure><p><strong>要求把数据库ailanni恢复到插入数据3后，未插入数据4时的状态。即数据库ailanni中只有数据1、2、3，这三条数据</strong><br>此时数据库中有1，2，4三条数据，直接进行节点还原则会出现如下情况：<br><figure class="highlight plain"><table><tr><td class="gutter"><pre><span class="line">1</span><br><span class="line">2</span><br><span class="line">3</span><br><span class="line">4</span><br><span class="line">5</span><br><span class="line">6</span><br><span class="line">7</span><br><span class="line">8</span><br><span class="line">9</span><br><span class="line">10</span><br><span class="line">11</span><br><span class="line">12</span><br><span class="line">13</span><br><span class="line">14</span><br><span class="line">15</span><br><span class="line">16</span><br><span class="line">17</span><br><span class="line">18</span><br><span class="line">19</span><br><span class="line">20</span><br><span class="line">21</span><br><span class="line">22</span><br><span class="line">23</span><br><span class="line">24</span><br><span class="line">25</span><br><span class="line">26</span><br><span class="line">27</span><br><span class="line">28</span><br><span class="line">29</span><br><span class="line">30</span><br><span class="line">31</span><br><span class="line">32</span><br></pre></td><td class="code"><pre><span class="line">[root@10-46-143-76 ~]# mysqlbinlog  /var/lib/mysql/mysql-bin.000002  --stop-position=336 |mysql -uroot -p</span><br><span class="line">[root@10-46-143-76 ~]# mysql -uroot -p</span><br><span class="line">Enter password: </span><br><span class="line">Welcome to the MySQL monitor.  Commands end with ; or \g.</span><br><span class="line">Your MySQL connection id is 60</span><br><span class="line">Server version: 5.6.44-log MySQL Community Server (GPL)</span><br><span class="line"></span><br><span class="line">Copyright (c) 2000, 2019, Oracle and/or its affiliates. All rights reserved.</span><br><span class="line"></span><br><span class="line">Oracle is a registered trademark of Oracle Corporation and/or its</span><br><span class="line">affiliates. Other names may be trademarks of their respective</span><br><span class="line">owners.</span><br><span class="line"></span><br><span class="line">Type &apos;help;&apos; or &apos;\h&apos; for help. Type &apos;\c&apos; to clear the current input statement.</span><br><span class="line"></span><br><span class="line">mysql&gt; use test;</span><br><span class="line">Reading table information for completion of table and column names</span><br><span class="line">You can turn off this feature to get a quicker startup with -A</span><br><span class="line"></span><br><span class="line">Database changed</span><br><span class="line">mysql&gt; select id from test_test;</span><br><span class="line">+------+</span><br><span class="line">| id   |</span><br><span class="line">+------+</span><br><span class="line">|    1 |</span><br><span class="line">|    2 |</span><br><span class="line">|    4 |</span><br><span class="line">|    3 |</span><br><span class="line">+------+</span><br><span class="line">4 rows in set (0.00 sec)</span><br><span class="line"></span><br><span class="line">mysql&gt;</span><br></pre></td></tr></table></figure></p><p>所以要还原到只有插入数据3的位置，必须先从空库mysql-bin.000001<br>因为mysql-bin.000001中记录了建库语句，所以只需要如下操作：<br><figure class="highlight plain"><table><tr><td class="gutter"><pre><span class="line">1</span><br><span class="line">2</span><br><span class="line">3</span><br><span class="line">4</span><br><span class="line">5</span><br><span class="line">6</span><br><span class="line">7</span><br><span class="line">8</span><br><span class="line">9</span><br><span class="line">10</span><br><span class="line">11</span><br><span class="line">12</span><br><span class="line">13</span><br><span class="line">14</span><br><span class="line">15</span><br><span class="line">16</span><br><span class="line">17</span><br><span class="line">18</span><br><span class="line">19</span><br><span class="line">20</span><br><span class="line">21</span><br><span class="line">22</span><br><span class="line">23</span><br><span class="line">24</span><br><span class="line">25</span><br><span class="line">26</span><br><span class="line">27</span><br><span class="line">28</span><br><span class="line">29</span><br><span class="line">30</span><br><span class="line">31</span><br><span class="line">32</span><br><span class="line">33</span><br><span class="line">34</span><br><span class="line">35</span><br><span class="line">36</span><br><span class="line">37</span><br></pre></td><td class="code"><pre><span class="line">[root@10-46-143-76 ~]# mysqlbinlog /var/lib/mysql/mysql-bin.000001 |mysql -uroot -p</span><br><span class="line">Enter password: </span><br><span class="line">[root@10-46-143-76 ~]# mysqlbinlog  /var/lib/mysql/mysql-bin.000002  --stop-position=336 |mysql -uroot -p</span><br><span class="line">Enter password: </span><br><span class="line">[root@10-46-143-76 ~]# mysql -uroot -p</span><br><span class="line">Enter password: </span><br><span class="line">ERROR 1045 (28000): Access denied for user &apos;root&apos;@&apos;localhost&apos; (using password: YES)</span><br><span class="line">[root@10-46-143-76 ~]# mysql -uroot -p</span><br><span class="line">Enter password: </span><br><span class="line">Welcome to the MySQL monitor.  Commands end with ; or \g.</span><br><span class="line">Your MySQL connection id is 69</span><br><span class="line">Server version: 5.6.44-log MySQL Community Server (GPL)</span><br><span class="line"></span><br><span class="line">Copyright (c) 2000, 2019, Oracle and/or its affiliates. All rights reserved.</span><br><span class="line"></span><br><span class="line">Oracle is a registered trademark of Oracle Corporation and/or its</span><br><span class="line">affiliates. Other names may be trademarks of their respective</span><br><span class="line">owners.</span><br><span class="line"></span><br><span class="line">Type &apos;help;&apos; or &apos;\h&apos; for help. Type &apos;\c&apos; to clear the current input statement.</span><br><span class="line"></span><br><span class="line">mysql&gt; use test;</span><br><span class="line">Reading table information for completion of table and column names</span><br><span class="line">You can turn off this feature to get a quicker startup with -A</span><br><span class="line"></span><br><span class="line">Database changed</span><br><span class="line">mysql&gt; select id from test_test;</span><br><span class="line">+------+</span><br><span class="line">| id   |</span><br><span class="line">+------+</span><br><span class="line">|    1 |</span><br><span class="line">|    2 |</span><br><span class="line">|    3 |</span><br><span class="line">+------+</span><br><span class="line">3 rows in set (0.00 sec)</span><br><span class="line"></span><br><span class="line">mysql&gt;</span><br></pre></td></tr></table></figure></p>]]></content>
    
    <summary type="html">
    
      
      
        &lt;hr&gt;
&lt;p&gt;&lt;strong&gt;1、安装mysql数据库&lt;/strong&gt;&lt;br&gt;CentOS 7 版本将MySQL数据库软件从默认的程序列表中移除，用mariadb代替了&lt;/p&gt;
&lt;ul&gt;
&lt;li&gt;&lt;p&gt;官网下载安装mysql&lt;/p&gt;
&lt;figure class=&quot;highli
      
    
    </summary>
    
      <category term="mysql" scheme="http://yoursite.com/categories/mysql/"/>
    
    
      <category term="mysql" scheme="http://yoursite.com/tags/mysql/"/>
    
  </entry>
  
  <entry>
    <title>sed基本用法</title>
    <link href="http://yoursite.com/2019/05/05/sed%E5%91%BD%E4%BB%A4%E5%9F%BA%E6%9C%AC%E7%94%A8%E6%B3%95/"/>
    <id>http://yoursite.com/2019/05/05/sed命令基本用法/</id>
    <published>2019-05-05T08:08:33.000Z</published>
    <updated>2019-05-05T11:46:51.378Z</updated>
    
    <content type="html"><![CDATA[<h3 id="sed在文件中查询文本的基本方法："><a href="#sed在文件中查询文本的基本方法：" class="headerlink" title="sed在文件中查询文本的基本方法："></a>sed在文件中查询文本的基本方法：</h3><p>n和p命令一起使用表示只打印那些发生替换的行</p><hr><p>1.使用行号，可以是一个简单数字，或是一个行号范围<br>符号 |作用</p><ul><li>| :-: |<br>x     |             x为行号|<br>x,y      |          表示行号从x到y<br>/pattern      |     表示包含模式的行<br>/pattern /pattern | 表示包含两个模式的行<br>pattern/,x       |  在给定行号上查询包含模式的行<br>x，/pattern      |  通过行号和模式查询匹配的行<br>x,y!             |  查询包含指定行号x和y的行<figure class="highlight plain"><table><tr><td class="gutter"><pre><span class="line">1</span><br><span class="line">2</span><br><span class="line">3</span><br><span class="line">4</span><br><span class="line">5</span><br></pre></td><td class="code"><pre><span class="line">[root@10-46-143-76 ~]# cat data</span><br><span class="line">This is the header  data line</span><br><span class="line">This is the first  data line</span><br><span class="line">This is the second  data line</span><br><span class="line">This is the last data line</span><br></pre></td></tr></table></figure></li></ul><p>打印文中的第几行，第行会打印两遍，sed默认打印文中的所有行<br><figure class="highlight plain"><table><tr><td class="gutter"><pre><span class="line">1</span><br><span class="line">2</span><br><span class="line">3</span><br><span class="line">4</span><br><span class="line">5</span><br><span class="line">6</span><br></pre></td><td class="code"><pre><span class="line">[root@10-46-143-76 ~]# sed &apos;2p&apos; data</span><br><span class="line">This is the header  data line</span><br><span class="line">This is the first  data line</span><br><span class="line">This is the first  data line</span><br><span class="line">This is the second  data line</span><br><span class="line">This is the last data line</span><br></pre></td></tr></table></figure></p><p>sed用-n选项，表示只打印匹配的行<br><figure class="highlight plain"><table><tr><td class="gutter"><pre><span class="line">1</span><br><span class="line">2</span><br></pre></td><td class="code"><pre><span class="line">[root@10-46-143-76 ~]# sed -n &apos;2p&apos; data</span><br><span class="line">This is the first  data line</span><br></pre></td></tr></table></figure></p><figure class="highlight plain"><table><tr><td class="gutter"><pre><span class="line">1</span><br><span class="line">2</span><br><span class="line">3</span><br><span class="line">4</span><br></pre></td><td class="code"><pre><span class="line">[root@10-46-143-76 ~]# sed -n &apos;1,3p&apos; data  表示打印文中第一行到第三行</span><br><span class="line">This is the header  data line</span><br><span class="line">This is the first  data line</span><br><span class="line">This is the second  data line</span><br></pre></td></tr></table></figure><figure class="highlight plain"><table><tr><td class="gutter"><pre><span class="line">1</span><br><span class="line">2</span><br></pre></td><td class="code"><pre><span class="line">[root@10-46-143-76 ~]# sed -n &apos;/second/p&apos; data  表示打印文件中匹配second的行</span><br><span class="line">This is the second  data line</span><br></pre></td></tr></table></figure><p>打印文中从匹配到/pattern的行到第几行的内容，如果/pattern所处的行在第几行之后，则表示只打印匹配/pattern的行<br><figure class="highlight plain"><table><tr><td class="gutter"><pre><span class="line">1</span><br><span class="line">2</span><br><span class="line">3</span><br><span class="line">4</span><br><span class="line">5</span><br><span class="line">6</span><br></pre></td><td class="code"><pre><span class="line">[root@10-46-143-76 ~]# sed -n &apos;/second/,4p&apos; data</span><br><span class="line">This is the second  data line</span><br><span class="line">This is the last data line</span><br><span class="line">[root@10-46-143-76 ~]# sed -n &apos;/last/,2p&apos; data</span><br><span class="line">This is the last data line</span><br><span class="line">[root@10-46-143-76 ~]#</span><br></pre></td></tr></table></figure></p><p>打印从第几行开始匹配到出现/pattern字符的行，pattern字符行也打印<br><figure class="highlight plain"><table><tr><td class="gutter"><pre><span class="line">1</span><br><span class="line">2</span><br><span class="line">3</span><br><span class="line">4</span><br><span class="line">5</span><br><span class="line">6</span><br><span class="line">7</span><br><span class="line">8</span><br><span class="line">9</span><br><span class="line">10</span><br><span class="line">11</span><br><span class="line">12</span><br><span class="line">13</span><br><span class="line">14</span><br></pre></td><td class="code"><pre><span class="line">[root@10-46-143-76 ~]# sed -n &apos;2,/last/p&apos; data</span><br><span class="line">This is the first  data line</span><br><span class="line">This is the second  data line</span><br><span class="line">This is the last data line</span><br><span class="line">[root@10-46-143-76 ~]# sed -n &apos;3,/last/p&apos; data</span><br><span class="line">This is the second  data line</span><br><span class="line">This is the last data line</span><br><span class="line">[root@10-46-143-76 ~]# sed -n &apos;3,/this/p&apos; data</span><br><span class="line">This is the second  data line</span><br><span class="line">This is the last data line</span><br><span class="line">[root@10-46-143-76 ~]# sed -n &apos;2,/this/p&apos; data</span><br><span class="line">This is the first  data line</span><br><span class="line">This is the second  data line</span><br><span class="line">This is the last data line</span><br></pre></td></tr></table></figure></p><p>打印从第一次匹配到/pattern1的行，到第一次出现/pattern2的行<br><figure class="highlight plain"><table><tr><td class="gutter"><pre><span class="line">1</span><br><span class="line">2</span><br><span class="line">3</span><br><span class="line">4</span><br><span class="line">5</span><br><span class="line">6</span><br><span class="line">7</span><br><span class="line">8</span><br><span class="line">9</span><br><span class="line">10</span><br><span class="line">11</span><br><span class="line">12</span><br><span class="line">13</span><br><span class="line">14</span><br><span class="line">15</span><br><span class="line">16</span><br><span class="line">17</span><br><span class="line">18</span><br><span class="line">19</span><br><span class="line">20</span><br></pre></td><td class="code"><pre><span class="line">[root@10-46-143-76 ~]# sed -n &apos;/first/,/last/p&apos; data</span><br><span class="line">This is the first  data line</span><br><span class="line">This is the second  data line</span><br><span class="line">This is the last data line</span><br><span class="line">[root@10-46-143-76 ~]# sed -n &apos;/first/,/data/p&apos; data</span><br><span class="line">This is the first  data line</span><br><span class="line">This is the second  data line</span><br><span class="line">[root@10-46-143-76 ~]# sed -n &apos;/data/,/last/p&apos; data</span><br><span class="line">This is the header  data line</span><br><span class="line">This is the first  data line</span><br><span class="line">This is the second  data line</span><br><span class="line">This is the last data line</span><br><span class="line">[root@10-46-143-76 ~]# sed -n &apos;/first/,/last/p&apos; data</span><br><span class="line">This is the first  data line</span><br><span class="line">This is the second  data line</span><br><span class="line">This is the last data line</span><br><span class="line">[root@10-46-143-76 ~]# sed -n &apos;2,/last/p&apos; data</span><br><span class="line">This is the first  data line</span><br><span class="line">This is the second  data line</span><br><span class="line">This is the last data line</span><br></pre></td></tr></table></figure></p><p>打印文中第几行到第几行的内容，且打印行号，当用到sed的不同编辑命令时候，用{},且不通编辑命令之间用分号，用！表示取反<br><figure class="highlight plain"><table><tr><td class="gutter"><pre><span class="line">1</span><br><span class="line">2</span><br><span class="line">3</span><br><span class="line">4</span><br><span class="line">5</span><br><span class="line">6</span><br><span class="line">7</span><br><span class="line">8</span><br><span class="line">9</span><br><span class="line">10</span><br><span class="line">11</span><br><span class="line">12</span><br><span class="line">13</span><br><span class="line">14</span><br><span class="line">15</span><br><span class="line">16</span><br><span class="line">17</span><br></pre></td><td class="code"><pre><span class="line">[root@10-46-143-76 ~]# sed -n &apos;1,4&#123;=;p&#125;&apos; data</span><br><span class="line">1</span><br><span class="line">This is the header  data line</span><br><span class="line">2</span><br><span class="line">This is the first  data line</span><br><span class="line">3</span><br><span class="line">This is the second  data line</span><br><span class="line">4</span><br><span class="line">This is the last data line</span><br><span class="line">[root@10-46-143-76 ~]# sed -n &apos;1,2!&#123;=;p&#125;&apos; data</span><br><span class="line">3</span><br><span class="line">This is the second  data line</span><br><span class="line">4</span><br><span class="line">This is the last data line</span><br><span class="line">[root@10-46-143-76 ~]# sed -n &apos;1,2!p&apos; data</span><br><span class="line">This is the second  data line</span><br><span class="line">This is the last data line</span><br></pre></td></tr></table></figure></p><hr><p>2.使用正则表达式、扩展正则表达式（必须结合-r选项）<br>符号 |作用</p><ul><li>| :-: |<br>^ | 锚点行首的符合条件的内容，用法格式”^pattern” |<br>\$ | 锚点行首的符合条件的内容，用法格式”pattern$” |<br>^\$|空白行|<br>.|匹配任意单个字符|<br><em>|匹配紧挨在前面的字符任意次(0,1,多次)|<br>.</em>|匹配任意长度的任意字符|<br>?|匹配紧挨在前面的字符0次或1次|<br>{m,n}|匹配其前面的字符至少m次，至多n次|<br>{m,}|匹配其前面的字符至少m次|<br>{m}|精确匹配前面的m次{0,n}:0到n次|<br>&lt;|锚点词首—-相当于 \b，用法格式：\&lt;pattern<blockquote><p>|锚点词尾，用法格式:>pattern|<br>[]|匹配指定范围内的任意单个字符|<br>[^]|匹配指定范围外的任意单个字符|\<br>[:digit:]|所有数字, 相当于0-9， [0-9]—&gt; [[:digit:]]|<br>[:lower:]|所有的小写字母|<br>[:upper:]|所有的大写字母|<br>[:alpha:]|所有的字母<br>[:alnum:]|相当于0-9a-zA-Z<br>[:space:]|空白字符<br>[:punct:]|所有标点符号</p></blockquote></li></ul><p>sed ‘5q’ /etc/passwd   #打印前5行 </p><figure class="highlight plain"><table><tr><td class="gutter"><pre><span class="line">1</span><br><span class="line">2</span><br><span class="line">3</span><br><span class="line">4</span><br><span class="line">5</span><br><span class="line">6</span><br></pre></td><td class="code"><pre><span class="line">[root@10-46-143-76 ~]# sed &apos;5q&apos; /etc/passwd</span><br><span class="line">root:x:0:0:root:/root:/bin/bash</span><br><span class="line">bin:x:1:1:bin:/bin:/sbin/nologin</span><br><span class="line">daemon:x:2:2:daemon:/sbin:/sbin/nologin</span><br><span class="line">adm:x:3:4:adm:/var/adm:/sbin/nologin</span><br><span class="line">lp:x:4:7:lp:/var/spool/lpd:/sbin/nologin</span><br></pre></td></tr></table></figure><p>sed-n ‘/r*t/p’ /etc/passwd #打印匹配r有0个或者多个，后接一个t字符的行<br><figure class="highlight plain"><table><tr><td class="gutter"><pre><span class="line">1</span><br><span class="line">2</span><br><span class="line">3</span><br><span class="line">4</span><br><span class="line">5</span><br><span class="line">6</span><br><span class="line">7</span><br><span class="line">8</span><br><span class="line">9</span><br><span class="line">10</span><br><span class="line">11</span><br><span class="line">12</span><br><span class="line">13</span><br><span class="line">14</span><br><span class="line">15</span><br><span class="line">16</span><br></pre></td><td class="code"><pre><span class="line">[root@10-46-143-76 ~]# sed -n &quot;/r*t/p&quot; /etc/passwd</span><br><span class="line">root:x:0:0:root:/root:/bin/bash</span><br><span class="line">shutdown:x:6:0:shutdown:/sbin:/sbin/shutdown</span><br><span class="line">halt:x:7:0:halt:/sbin:/sbin/halt</span><br><span class="line">operator:x:11:0:operator:/root:/sbin/nologin</span><br><span class="line">ftp:x:14:50:FTP User:/var/ftp:/sbin/nologin</span><br><span class="line">systemd-network:x:192:192:systemd Network Management:/:/sbin/nologin</span><br><span class="line">dbus:x:81:81:System message bus:/:/sbin/nologin</span><br><span class="line">polkitd:x:999:998:User for polkitd:/:/sbin/nologin</span><br><span class="line">libstoragemgmt:x:998:997:daemon account for libstoragemgmt:/var/run/lsm:/sbin/nologin</span><br><span class="line">abrt:x:173:173::/etc/abrt:/sbin/nologin</span><br><span class="line">sshd:x:74:74:Privilege-separated SSH:/var/empty/sshd:/sbin/nologin</span><br><span class="line">postfix:x:89:89::/var/spool/postfix:/sbin/nologin</span><br><span class="line">ntp:x:38:38::/etc/ntp:/sbin/nologin</span><br><span class="line">tcpdump:x:72:72::/:/sbin/nologin</span><br><span class="line">dockerroot:x:996:993:Docker User:/var/lib/docker:/sbin/nologin</span><br></pre></td></tr></table></figure></p><p>sed -n ‘/.r.*/p’ /etc/passwd #打印匹配有r的行并且r后面跟任意字符<br><figure class="highlight plain"><table><tr><td class="gutter"><pre><span class="line">1</span><br><span class="line">2</span><br><span class="line">3</span><br><span class="line">4</span><br><span class="line">5</span><br><span class="line">6</span><br><span class="line">7</span><br><span class="line">8</span><br><span class="line">9</span><br><span class="line">10</span><br><span class="line">11</span><br><span class="line">12</span><br><span class="line">13</span><br><span class="line">14</span><br><span class="line">15</span><br><span class="line">16</span><br><span class="line">17</span><br></pre></td><td class="code"><pre><span class="line">[root@10-46-143-76 ~]# sed -n &apos;/.r.*/p&apos; /etc/passwd</span><br><span class="line">root:x:0:0:root:/root:/bin/bash</span><br><span class="line">adm:x:3:4:adm:/var/adm:/sbin/nologin</span><br><span class="line">lp:x:4:7:lp:/var/spool/lpd:/sbin/nologin</span><br><span class="line">mail:x:8:12:mail:/var/spool/mail:/sbin/nologin</span><br><span class="line">operator:x:11:0:operator:/root:/sbin/nologin</span><br><span class="line">games:x:12:100:games:/usr/games:/sbin/nologin</span><br><span class="line">ftp:x:14:50:FTP User:/var/ftp:/sbin/nologin</span><br><span class="line">systemd-network:x:192:192:systemd Network Management:/:/sbin/nologin</span><br><span class="line">polkitd:x:999:998:User for polkitd:/:/sbin/nologin</span><br><span class="line">libstoragemgmt:x:998:997:daemon account for libstoragemgmt:/var/run/lsm:/sbin/nologin</span><br><span class="line">abrt:x:173:173::/etc/abrt:/sbin/nologin</span><br><span class="line">rpc:x:32:32:Rpcbind Daemon:/var/lib/rpcbind:/sbin/nologin</span><br><span class="line">sshd:x:74:74:Privilege-separated SSH:/var/empty/sshd:/sbin/nologin</span><br><span class="line">postfix:x:89:89::/var/spool/postfix:/sbin/nologin</span><br><span class="line">chrony:x:997:995::/var/lib/chrony:/sbin/nologin</span><br><span class="line">dockerroot:x:996:993:Docker User:/var/lib/docker:/sbin/nologin</span><br></pre></td></tr></table></figure></p><p>sed -n ‘/o*/p’ /etc/passwd#打印o字符重复任意次<br>sed -n ‘/o{1,}/p’ /etc/passwd#打印o字重复出现一次以上<br>sed -n ‘/o{1,3}/p’ /etc/passwd#打印o字重复出现一次到三次之间以上</p><p>sed的编辑命令(sed command)：<br>参数 | 作用 | </p><ul><li>| :-: |<br>p | 打印匹配行（和-n选项一起合用）|<br>= | 显示文件行号|<br>a\ | 在定位行号后附加新文本信息|<br>i\ | 在定位行号后插入新文本信息|<br>d | 删除定位行|<br>c\ | 用新文本替换定位文本|<br>w filename |写文本到一个文件，类似输出重定向 &gt;|<br>r filename | 从另一个文件中读文本，类似输入重定向 &lt;|<br>s | 使用替换模式替换相应模式|<br>q | 第一个模式匹配完成后退出或立即退出|<br>l | 显示与八进制ACSII代码等价的控制符|<br>{} | 在定位行执行的命令组，用分号隔开|<br>n |从另一个文件中读文本下一行，并从下一条命令而不是第一条命令开始对其的处理|<br>N | 在数据流中添加下一行以创建用于处理的多行组|<br>g | 将模式2粘贴到/pattern n/|<br>y | 传送字符，替换单个字符|<br>对文件的操作无非就是”增删改查“，怎样用sed命令实现对文件的”增删改查“，玩转sed是写自动化脚本必须的基础之一</li></ul><p>打印出以#开头的行，然后用！进行反选，则表示过滤掉以#开头的行，不会过滤掉空格<br><figure class="highlight plain"><table><tr><td class="gutter"><pre><span class="line">1</span><br><span class="line">2</span><br><span class="line">3</span><br><span class="line">4</span><br><span class="line">5</span><br><span class="line">6</span><br><span class="line">7</span><br><span class="line">8</span><br><span class="line">9</span><br><span class="line">10</span><br><span class="line">11</span><br><span class="line">12</span><br></pre></td><td class="code"><pre><span class="line"></span><br><span class="line">[root@10-46-143-76 ~]# sed -n &apos;/^#/!p&apos; /etc/my.cnf</span><br><span class="line">[mysqld]</span><br><span class="line">datadir=/var/lib/mysql</span><br><span class="line">socket=/var/lib/mysql/mysql.sock</span><br><span class="line">symbolic-links=0</span><br><span class="line"></span><br><span class="line">[mysqld_safe]</span><br><span class="line">log-error=/var/log/mariadb/mariadb.log</span><br><span class="line">pid-file=/var/run/mariadb/mariadb.pid</span><br><span class="line"></span><br><span class="line">!includedir /etc/my.cnf.d</span><br></pre></td></tr></table></figure></p><p>匹配以#开头的行，进行取反，则表示打印出非#开头的行，然后其结果再对空格开头进行取反；则表示过滤掉以#开头的行和空白行<br><figure class="highlight plain"><table><tr><td class="gutter"><pre><span class="line">1</span><br><span class="line">2</span><br><span class="line">3</span><br><span class="line">4</span><br><span class="line">5</span><br><span class="line">6</span><br><span class="line">7</span><br><span class="line">8</span><br><span class="line">9</span><br></pre></td><td class="code"><pre><span class="line">[root@10-46-143-76 ~]# sed -n &apos;/^#/!&#123;/^$/!p&#125;&apos; /etc/my.cnf</span><br><span class="line">[mysqld]</span><br><span class="line">datadir=/var/lib/mysql</span><br><span class="line">socket=/var/lib/mysql/mysql.sock</span><br><span class="line">symbolic-links=0</span><br><span class="line">[mysqld_safe]</span><br><span class="line">log-error=/var/log/mariadb/mariadb.log</span><br><span class="line">pid-file=/var/run/mariadb/mariadb.pid</span><br><span class="line">!includedir /etc/my.cnf.d</span><br></pre></td></tr></table></figure></p><p>sed支持对耽搁文件实现不同的操作，每个操作用-e参数，删除匹配以#开始的行和空白行<br><figure class="highlight plain"><table><tr><td class="gutter"><pre><span class="line">1</span><br><span class="line">2</span><br><span class="line">3</span><br><span class="line">4</span><br><span class="line">5</span><br><span class="line">6</span><br><span class="line">7</span><br><span class="line">8</span><br><span class="line">9</span><br></pre></td><td class="code"><pre><span class="line">[root@10-46-143-76 ~]# sed  -e &apos;/^#/d&apos; -e &apos;/^$/d&apos; my.cnf </span><br><span class="line">[mysqld]</span><br><span class="line">datadir=/var/lib/mysql</span><br><span class="line">socket=/var/lib/mysql/mysql.sock</span><br><span class="line">symbolic-links=0</span><br><span class="line">[mysqld_safe]</span><br><span class="line">log-error=/var/log/mariadb/mariadb.log</span><br><span class="line">pid-file=/var/run/mariadb/mariadb.pid</span><br><span class="line">!includedir /etc/my.cnf.d</span><br></pre></td></tr></table></figure></p><p>打印第一行到匹配到adm的行，adm在文件的第四行<br><figure class="highlight plain"><table><tr><td class="gutter"><pre><span class="line">1</span><br><span class="line">2</span><br><span class="line">3</span><br><span class="line">4</span><br><span class="line">5</span><br><span class="line">6</span><br><span class="line">7</span><br><span class="line">8</span><br><span class="line">9</span><br></pre></td><td class="code"><pre><span class="line">[root@10-46-143-76 ~]# sed -n &apos;1,/adm/&#123;=;p&#125;&apos; /etc/passwd</span><br><span class="line">1</span><br><span class="line">root:x:0:0:root:/root:/bin/bash</span><br><span class="line">2</span><br><span class="line">bin:x:1:1:bin:/bin:/sbin/nologin</span><br><span class="line">3</span><br><span class="line">daemon:x:2:2:daemon:/sbin:/sbin/nologin</span><br><span class="line">4</span><br><span class="line">adm:x:3:4:adm:/var/adm:/sbin/nologin</span><br></pre></td></tr></table></figure></p><p><strong>sed命令实现对文件内容的添加：(对源文件添加的话就用-i参数):</strong><br>文件内容如下：<br><figure class="highlight plain"><table><tr><td class="gutter"><pre><span class="line">1</span><br><span class="line">2</span><br><span class="line">3</span><br><span class="line">4</span><br><span class="line">5</span><br></pre></td><td class="code"><pre><span class="line">hello world</span><br><span class="line">hello linux</span><br><span class="line">how are you</span><br><span class="line">i am fine</span><br><span class="line">thanks, and you</span><br></pre></td></tr></table></figure></p><p>在匹配world字符的行，行首添加Li这个字符<br><figure class="highlight plain"><table><tr><td class="gutter"><pre><span class="line">1</span><br><span class="line">2</span><br><span class="line">3</span><br><span class="line">4</span><br><span class="line">5</span><br><span class="line">6</span><br></pre></td><td class="code"><pre><span class="line">[root@10-46-143-76 ~]# sed &apos;/world/s/^/Li /&apos; myfile</span><br><span class="line">Li hello world</span><br><span class="line">hello linux</span><br><span class="line">how are you</span><br><span class="line">i am fine</span><br><span class="line">thanks, and you</span><br></pre></td></tr></table></figure></p><p>在匹配linux的行，在linux这个单词前面添加jie<br><figure class="highlight plain"><table><tr><td class="gutter"><pre><span class="line">1</span><br><span class="line">2</span><br><span class="line">3</span><br><span class="line">4</span><br><span class="line">5</span><br><span class="line">6</span><br></pre></td><td class="code"><pre><span class="line">[root@10-46-143-76 ~]# sed &apos;s/linux/jie &amp;/&apos; myfile </span><br><span class="line">hello world</span><br><span class="line">hello jie linux</span><br><span class="line">how are you</span><br><span class="line">i am fine</span><br><span class="line">thanks, and you</span><br></pre></td></tr></table></figure></p><p>在匹配linux字符串的行，在linux这个字符的后面添加jie<br><figure class="highlight plain"><table><tr><td class="gutter"><pre><span class="line">1</span><br><span class="line">2</span><br><span class="line">3</span><br><span class="line">4</span><br><span class="line">5</span><br><span class="line">6</span><br></pre></td><td class="code"><pre><span class="line">[root@10-46-143-76 ~]# sed &apos;s/linux/&amp; jie/&apos; myfile </span><br><span class="line">hello world</span><br><span class="line">hello linux jie</span><br><span class="line">how are you</span><br><span class="line">i am fine</span><br><span class="line">thanks, and you</span><br></pre></td></tr></table></figure></p><p>在匹配you字符的行的行尾添加Li字符<br><figure class="highlight plain"><table><tr><td class="gutter"><pre><span class="line">1</span><br><span class="line">2</span><br><span class="line">3</span><br><span class="line">4</span><br><span class="line">5</span><br><span class="line">6</span><br></pre></td><td class="code"><pre><span class="line">[root@10-46-143-76 ~]# sed &apos;/you/s/$/ Li/&apos; myfile </span><br><span class="line">hello world</span><br><span class="line">hello linux</span><br><span class="line">how are you Li</span><br><span class="line">i am fine</span><br><span class="line">thanks, and you Li</span><br></pre></td></tr></table></figure></p><p>在匹配are字符的行的前面添加一行nihao<br><figure class="highlight plain"><table><tr><td class="gutter"><pre><span class="line">1</span><br><span class="line">2</span><br><span class="line">3</span><br><span class="line">4</span><br><span class="line">5</span><br><span class="line">6</span><br><span class="line">7</span><br></pre></td><td class="code"><pre><span class="line">[root@10-46-143-76 ~]# sed &apos;/are/i nihao&apos; myfile</span><br><span class="line">hello world</span><br><span class="line">hello linux</span><br><span class="line">nihao</span><br><span class="line">how are you</span><br><span class="line">i am fine</span><br><span class="line">thanks, and you</span><br></pre></td></tr></table></figure></p><figure class="highlight plain"><table><tr><td class="gutter"><pre><span class="line">1</span><br><span class="line">2</span><br><span class="line">3</span><br><span class="line">4</span><br><span class="line">5</span><br><span class="line">6</span><br><span class="line">7</span><br></pre></td><td class="code"><pre><span class="line">[root@10-46-143-76 ~]# sed &apos;/are/i \nihao&apos; myfile</span><br><span class="line">hello world</span><br><span class="line">hello linux</span><br><span class="line">nihao</span><br><span class="line">how are you</span><br><span class="line">i am fine</span><br><span class="line">thanks, and you</span><br></pre></td></tr></table></figure><p><strong>注意，这个不是在匹配are字符的行添加nihao</strong><br><figure class="highlight plain"><table><tr><td class="gutter"><pre><span class="line">1</span><br><span class="line">2</span><br><span class="line">3</span><br><span class="line">4</span><br><span class="line">5</span><br><span class="line">6</span><br></pre></td><td class="code"><pre><span class="line">hello world</span><br><span class="line">hello linux</span><br><span class="line">/nihao</span><br><span class="line">how are you</span><br><span class="line">i am fine</span><br><span class="line">thanks, and you</span><br></pre></td></tr></table></figure></p><p>在匹配are字符的行的行后，添加nihao这行<br><figure class="highlight plain"><table><tr><td class="gutter"><pre><span class="line">1</span><br><span class="line">2</span><br><span class="line">3</span><br><span class="line">4</span><br><span class="line">5</span><br><span class="line">6</span><br><span class="line">7</span><br></pre></td><td class="code"><pre><span class="line">[root@10-46-143-76 ~]# sed &apos;/are/a nihao&apos;  myfile </span><br><span class="line">hello world</span><br><span class="line">hello linux</span><br><span class="line">how are you</span><br><span class="line">nihao</span><br><span class="line">i am fine</span><br><span class="line">thanks, and you</span><br></pre></td></tr></table></figure></p><p>[root@10-46-143-76 ~]# sed ‘/are/a \nihao’  myfile<br>hello world<br>hello linux<br>how are you<br>nihao<br>i am fine<br>thanks, and you<br>添加多行要用\n来转义<br><figure class="highlight plain"><table><tr><td class="gutter"><pre><span class="line">1</span><br><span class="line">2</span><br><span class="line">3</span><br><span class="line">4</span><br><span class="line">5</span><br><span class="line">6</span><br><span class="line">7</span><br><span class="line">8</span><br><span class="line">9</span><br><span class="line">10</span><br><span class="line">11</span><br><span class="line">12</span><br><span class="line">13</span><br><span class="line">14</span><br><span class="line">15</span><br><span class="line">16</span><br></pre></td><td class="code"><pre><span class="line">[root@10-46-143-76 ~]# sed &apos;/are/a \nihao\wo hen hao&apos;  myfile </span><br><span class="line">hello world</span><br><span class="line">hello linux</span><br><span class="line">how are you</span><br><span class="line">nihaowo hen hao</span><br><span class="line">i am fine</span><br><span class="line">thanks, and you</span><br><span class="line">[root@10-46-143-76 ~]# sed &apos;/are/a \nihao\nwo hen hao&apos;  myfile </span><br><span class="line">hello world</span><br><span class="line">hello linux</span><br><span class="line">how are you</span><br><span class="line">nihao</span><br><span class="line">wo hen hao</span><br><span class="line">i am fine</span><br><span class="line">thanks, and you</span><br><span class="line">[root@10-46-143-76 ~]#</span><br></pre></td></tr></table></figure></p><p>在每行的开头添加Start<br><figure class="highlight plain"><table><tr><td class="gutter"><pre><span class="line">1</span><br><span class="line">2</span><br><span class="line">3</span><br><span class="line">4</span><br><span class="line">5</span><br><span class="line">6</span><br></pre></td><td class="code"><pre><span class="line">[root@10-46-143-76 ~]# sed &apos;s/^/Start /&apos; myfile </span><br><span class="line">Start hello world</span><br><span class="line">Start hello linux</span><br><span class="line">Start how are you</span><br><span class="line">Start i am fine</span><br><span class="line">Start thanks, and you</span><br></pre></td></tr></table></figure></p><p>在每行的行尾添加end<br><figure class="highlight plain"><table><tr><td class="gutter"><pre><span class="line">1</span><br><span class="line">2</span><br><span class="line">3</span><br><span class="line">4</span><br><span class="line">5</span><br><span class="line">6</span><br></pre></td><td class="code"><pre><span class="line">[root@10-46-143-76 ~]# sed &apos;s/$/ end /&apos; myfile </span><br><span class="line">hello world end </span><br><span class="line">hello linux end </span><br><span class="line">how are you end </span><br><span class="line">i am fine end </span><br><span class="line">thanks, and you end</span><br></pre></td></tr></table></figure></p><p>指定1至三行，在行首添加#号，一般用于在配置文件中注释某行<br><figure class="highlight plain"><table><tr><td class="gutter"><pre><span class="line">1</span><br><span class="line">2</span><br><span class="line">3</span><br><span class="line">4</span><br><span class="line">5</span><br></pre></td><td class="code"><pre><span class="line"># hello world</span><br><span class="line"># hello linux</span><br><span class="line"># how are you</span><br><span class="line">i am fine</span><br><span class="line">thanks, and you</span><br></pre></td></tr></table></figure></p><p>在匹配fine这行的前面添加very字符，后面接p参数表上添加两行同样的，不加p参数只添加一行<br><figure class="highlight plain"><table><tr><td class="gutter"><pre><span class="line">1</span><br><span class="line">2</span><br><span class="line">3</span><br><span class="line">4</span><br><span class="line">5</span><br><span class="line">6</span><br><span class="line">7</span><br><span class="line">8</span><br><span class="line">9</span><br><span class="line">10</span><br><span class="line">11</span><br><span class="line">12</span><br><span class="line">13</span><br></pre></td><td class="code"><pre><span class="line">[root@10-46-143-76 ~]# sed &apos;s/fine/very &amp;/p&apos; myfile </span><br><span class="line">hello world</span><br><span class="line">hello linux</span><br><span class="line">how are you</span><br><span class="line">i am very fine</span><br><span class="line">i am very fine</span><br><span class="line">thanks, and you</span><br><span class="line">[root@10-46-143-76 ~]# sed &apos;s/fine/very &amp;/&apos; myfile </span><br><span class="line">hello world</span><br><span class="line">hello linux</span><br><span class="line">how are you</span><br><span class="line">i am very fine</span><br><span class="line">thanks, and you</span><br></pre></td></tr></table></figure></p><p>sed命令不加-i参数是不会对文件直接进行操作</p><figure class="highlight plain"><table><tr><td class="gutter"><pre><span class="line">1</span><br><span class="line">2</span><br><span class="line">3</span><br><span class="line">4</span><br><span class="line">5</span><br><span class="line">6</span><br><span class="line">7</span><br></pre></td><td class="code"><pre><span class="line">[root@10-46-143-76 ~]# sed -i &apos;s/$/ end/&apos; myfile </span><br><span class="line">[root@10-46-143-76 ~]# cat myfile</span><br><span class="line">hello world end</span><br><span class="line">hello linux end</span><br><span class="line">how are you end</span><br><span class="line">i am fine end</span><br><span class="line">thanks, and you end</span><br></pre></td></tr></table></figure><p>@表示地址定界符，一般由三个组成，定界符可以是/、$、#、等其他特殊字符，<br>此命令表示，匹配hello的行，把end换成tail<br><figure class="highlight plain"><table><tr><td class="gutter"><pre><span class="line">1</span><br><span class="line">2</span><br><span class="line">3</span><br><span class="line">4</span><br><span class="line">5</span><br><span class="line">6</span><br><span class="line">7</span><br></pre></td><td class="code"><pre><span class="line">[root@10-46-143-76 ~]# sed -i &apos;/hello/s@end@tail@&apos; myfile</span><br><span class="line">[root@10-46-143-76 ~]# cat myfile </span><br><span class="line">hello world tail</span><br><span class="line">hello linux tail</span><br><span class="line">how are you end</span><br><span class="line">i am fine end</span><br><span class="line">thanks, and you end</span><br></pre></td></tr></table></figure></p><p>在匹配tail的行尾，添加and tail 字符<br><figure class="highlight plain"><table><tr><td class="gutter"><pre><span class="line">1</span><br><span class="line">2</span><br><span class="line">3</span><br><span class="line">4</span><br><span class="line">5</span><br><span class="line">6</span><br><span class="line">7</span><br></pre></td><td class="code"><pre><span class="line">[root@10-46-143-76 ~]# sed -i &apos;s/tail/and tail/&apos;  myfile </span><br><span class="line">[root@10-46-143-76 ~]# cat myfile </span><br><span class="line">hello world and tail</span><br><span class="line">hello linux and tail</span><br><span class="line">how are you end</span><br><span class="line">i am fine end</span><br><span class="line">thanks, and you end</span><br></pre></td></tr></table></figure></p><figure class="highlight plain"><table><tr><td class="gutter"><pre><span class="line">1</span><br><span class="line">2</span><br><span class="line">3</span><br><span class="line">4</span><br><span class="line">5</span><br><span class="line">6</span><br><span class="line">7</span><br></pre></td><td class="code"><pre><span class="line">[root@10-46-143-76 ~]# sed -i &apos;/tail/s/$/and tail/&apos;  myfile </span><br><span class="line">[root@10-46-143-76 ~]# cat myfile </span><br><span class="line">hello world and tailand tail</span><br><span class="line">hello linux and tailand tail</span><br><span class="line">how are you end</span><br><span class="line">i am fine end</span><br><span class="line">thanks, and you end</span><br></pre></td></tr></table></figure><p>匹配tail的行，把tail换成end,默认是修改行中第一次出现的tail<br>后面跟g是修改全文只要出现tail的就替换成end，后面接数字子后再接g，表示匹配的行中，第几次出现，就替换。2g表示替换行中第二次出现的<br><figure class="highlight plain"><table><tr><td class="gutter"><pre><span class="line">1</span><br><span class="line">2</span><br><span class="line">3</span><br><span class="line">4</span><br><span class="line">5</span><br><span class="line">6</span><br><span class="line">7</span><br></pre></td><td class="code"><pre><span class="line">[root@10-46-143-76 ~]# sed -e &apos;/and/s/and/or/2g&apos;  myfile</span><br><span class="line">hello world and tail or tail</span><br><span class="line">hello linux and tail or tail</span><br><span class="line">how are you end</span><br><span class="line">i am fine end</span><br><span class="line">thanks, and you end</span><br><span class="line">[root@10-46-143-76 ~]#</span><br></pre></td></tr></table></figure></p><p><strong>sed命令实现对文件内容的删除：(对源文件直接删除用-i参数):</strong><br><code>sed &#39;/^#/d&#39; myfile</code>   删除以#开头的行<br><code>sed &#39;/^#/!d&#39;  myfile</code>  删除以非#开头的行，即显示以#开头的行<br><code>sed  &#39;1d&#39;  myfile</code>   删除文件的第一行，即首行<br><code>sed &#39;$d&#39; myfile</code>       删除文件的最后一行，即尾行<br><code>sed  &#39;2,4d&#39; myflie</code>  删除文件指定的行<br><code>sed &#39;/thanks/d&#39; myfile</code>  删除匹配thanks的行<br><code>sed &#39;/o/d&#39; myfile</code>删除匹配o这个字符的行，文件中含有o字符的行都删除<br><code>sed &#39;/\&lt;you\&gt;/d&#39; myfile</code> 删除文件中含有you这个单词的行，\&lt;>作单词牟定<br><strong>-i参数，直接对文件进行操作，当需要删除多种不同的匹配模式时，可以-e参数，此sed命令表示删除匹配sed字符的行和匹配以#开头的行</strong><br><code>sed -i -e &#39;/sed/d&#39; -e/^#/d</code> myfile</p><p><code>sed -i &#39;/i/d&#39;  myfile</code> 删除匹配i字符的行<br><code>sed -i &#39;/End$/d&#39;  myfile</code> 删除以end结尾的行</p><p><strong>重点：sed命令实现对文件内容的替换（替换是在shell自动化脚本中用到最多的操作）</strong><br><figure class="highlight plain"><table><tr><td class="gutter"><pre><span class="line">1</span><br><span class="line">2</span><br><span class="line">3</span><br><span class="line">4</span><br><span class="line">5</span><br><span class="line">6</span><br><span class="line">7</span><br><span class="line">8</span><br><span class="line">9</span><br><span class="line">10</span><br><span class="line">11</span><br><span class="line">12</span><br><span class="line">13</span><br><span class="line">14</span><br><span class="line">15</span><br><span class="line">16</span><br><span class="line">17</span><br><span class="line">18</span><br><span class="line">19</span><br><span class="line">20</span><br><span class="line">21</span><br><span class="line">22</span><br><span class="line">23</span><br><span class="line">24</span><br><span class="line">25</span><br><span class="line">26</span><br><span class="line">27</span><br><span class="line">28</span><br><span class="line">29</span><br><span class="line">30</span><br><span class="line">31</span><br><span class="line">32</span><br><span class="line">33</span><br><span class="line">34</span><br><span class="line">35</span><br><span class="line">36</span><br><span class="line">37</span><br><span class="line">38</span><br><span class="line">39</span><br><span class="line">40</span><br><span class="line">41</span><br><span class="line">42</span><br><span class="line">43</span><br><span class="line">44</span><br><span class="line">45</span><br><span class="line">46</span><br><span class="line">47</span><br><span class="line">48</span><br><span class="line">49</span><br><span class="line">50</span><br><span class="line">51</span><br><span class="line">52</span><br><span class="line">53</span><br><span class="line">54</span><br><span class="line">55</span><br><span class="line">56</span><br><span class="line">57</span><br><span class="line">58</span><br><span class="line">59</span><br><span class="line">60</span><br><span class="line">61</span><br><span class="line">62</span><br></pre></td><td class="code"><pre><span class="line">#================源文件里面的内容===============================  </span><br><span class="line">[root@jie1 ~]# cat test  </span><br><span class="line">anonymous_enable=YES  </span><br><span class="line">write_enable=YES  </span><br><span class="line">local_umask=022  </span><br><span class="line">xferlog_enable=YES  </span><br><span class="line">connect_from_port_20=YES  </span><br><span class="line">root:x:0:0:root:/root:/bin/bash  </span><br><span class="line">bin:x:1:1:bin:/bin:/sbin/nologin  </span><br><span class="line">daemon:x:2:2:daemon:/sbin:/sbin/nologin  </span><br><span class="line">adm:x:3:4:adm:/var/adm:/sbin/nologin  </span><br><span class="line">lp:x:4:7:lp:/var/spool/lpd:/sbin/nologin  </span><br><span class="line">DEVICE=&quot;eth0&quot;  </span><br><span class="line">BOOTPROTO=&quot;static&quot;  </span><br><span class="line">HWADDR=&quot;00:0C:29:90:79:78&quot;  </span><br><span class="line">ONBOOT=&quot;yes&quot;  </span><br><span class="line">IPADDR=172.16.22.1  </span><br><span class="line">NETMASK=255.255.0.0  </span><br><span class="line">#======================================================================  </span><br><span class="line">[root@jie1 ~]# sed -i &apos;/DEVICE/c\Ethernet&apos; test   </span><br><span class="line">        #匹配DEVICE的行，替换成Ethernet这行  </span><br><span class="line">[root@jie1 ~]# sed -i &apos;s/static/dhcp/&apos; test       </span><br><span class="line">        #把static替换成dhcp(/,@,#都是前面所说的地址定界符)  </span><br><span class="line">[root@jie1 ~]# sed -i &apos;/IPADDR/s@22\.1@10.12@&apos; test  </span><br><span class="line">        #匹配IPADDR的行，把22.1替换成10.12由于.号有特殊意义所有需要转义  </span><br><span class="line">[root@jie1 ~]# sed -i &apos;/connect/s#YES#NO#&apos; test   </span><br><span class="line">        #匹配connect的行，把YES替换成NO  </span><br><span class="line">[root@jie1 ~]# sed -i &apos;s/bin/tom/2g&apos; test         </span><br><span class="line">        #把所有匹配到bin的行中第二次及第二次之后出现bin替换成tom  </span><br><span class="line">[root@jie1 ~]# sed -i &apos;s/daemon/jerry/2p&apos; test    </span><br><span class="line">        #把所有匹配到bin的行中第二次出现的daemon替换成jerry，并在生产与匹配行同样的行  </span><br><span class="line">[root@jie1 ~]# sed -i &apos;s/adm/boss/2&apos; test         </span><br><span class="line">        #把所有匹配到adm的行中仅仅只是第二次出现的adm替换成boss  </span><br><span class="line">[root@jie1 ~]# sed -i &apos;/root/&#123;s/bash/nologin/;s/0/1/g&#125;&apos; test  </span><br><span class="line">        #匹配root的行，把bash替换成nologin，且把0替换成1  </span><br><span class="line">[root@jie1 ~]# sed -i &apos;s/root/(&amp;)/g&apos; test                   </span><br><span class="line">        #把root用括号括起来，&amp;表示引用前面匹配的字符  </span><br><span class="line">[root@jie1 ~]# sed -i &apos;s/BOOTPROTO/#BOOTPROTO/&apos; test        </span><br><span class="line">        #匹配BOOTPROTO替换成#BOOTPROTO，在配置文件中一般用于注释某行  </span><br><span class="line">[root@jie1 ~]# sed -i &apos;s/ONBOOT/#&amp;/&apos; test                   </span><br><span class="line">        #匹配ONBOOT的行的前面添加#号，在配置文件中也表示注释某行  </span><br><span class="line">[root@jie1 ~]# sed -i &apos;/ONBOOT/s/#//&apos; test                  </span><br><span class="line">        #匹配ONBOOT的行，把#替换成空，即去掉#号，也一般用作去掉#注释  </span><br><span class="line">#================执行以上sed命令之后文件显示的内容====================  </span><br><span class="line">[root@jie1 ~]# cat test  </span><br><span class="line">anonymous_enable=YES  </span><br><span class="line">write_enable=YES  </span><br><span class="line">local_umask=022  </span><br><span class="line">xferlog_enable=YES  </span><br><span class="line">connect_from_port_20=NO  </span><br><span class="line">(root):x:1:1:(root):/(root):/bin/nologin  </span><br><span class="line">bin:x:1:1:tom:/tom:/stom/nologin  </span><br><span class="line">daemon:x:2:2:jerry:/sbin:/stom/nologin  </span><br><span class="line">daemon:x:2:2:jerry:/sbin:/stom/nologin  </span><br><span class="line">adm:x:3:4:boss:/var/adm:/sbin/nologin  </span><br><span class="line">lp:x:4:7:lp:/var/spool/lpd:/sbin/nologin  </span><br><span class="line">Ethernet  </span><br><span class="line">#BOOTPROTO=&quot;dhcp&quot;  </span><br><span class="line">HWADDR=&quot;00:0C:29:90:79:78&quot;  </span><br><span class="line">ONBOOT=&quot;yes&quot;  </span><br><span class="line">IPADDR=172.16.10.12  </span><br><span class="line">NETMASK=255.255.0.0</span><br></pre></td></tr></table></figure></p><p><strong><em> sed引用变量：（在自动化shell脚本 中也经常会使用到变量）</em></strong></p><p>第一种当sed命令里面没有默认的变量时可以把单引号改成双引号；</p><p>第二种当sed命令里面有默认的变量时，那自己定义的变量需要加单引号，且sed里面的语句必须用单引<br><figure class="highlight plain"><table><tr><td class="gutter"><pre><span class="line">1</span><br><span class="line">2</span><br><span class="line">3</span><br><span class="line">4</span><br><span class="line">5</span><br><span class="line">6</span><br><span class="line">7</span><br><span class="line">8</span><br><span class="line">9</span><br><span class="line">10</span><br><span class="line">11</span><br><span class="line">12</span><br><span class="line">13</span><br><span class="line">14</span><br><span class="line">15</span><br><span class="line">16</span><br><span class="line">17</span><br><span class="line">18</span><br><span class="line">19</span><br><span class="line">20</span><br><span class="line">21</span><br><span class="line">22</span><br><span class="line">23</span><br><span class="line">24</span><br><span class="line">25</span><br><span class="line">26</span><br><span class="line">27</span><br><span class="line">28</span><br></pre></td><td class="code"><pre><span class="line">[root@jie1 ~]# cat &gt;&gt; myfile &lt;&lt; EOF  </span><br><span class="line">&gt; hello world  </span><br><span class="line">&gt; i am jie  </span><br><span class="line">&gt; how are you  </span><br><span class="line">&gt; EOF   #先生成一个文件  </span><br><span class="line">[root@jie1 ~]# cat myfile  </span><br><span class="line">hello world  </span><br><span class="line">i am jie  </span><br><span class="line">how are you  </span><br><span class="line">[root@jie1 ~]# name=li  </span><br><span class="line">         #定义一个变量，且给变量赋值  </span><br><span class="line">[root@jie1 ~]# sed -i &quot;s/jie/$name/&quot; myfile  </span><br><span class="line">         #把匹配jie的字符替换成变量的值  </span><br><span class="line">[root@jie1 ~]# cat myfile  </span><br><span class="line">hello world  </span><br><span class="line">i am li  </span><br><span class="line">how are you  </span><br><span class="line">[root@jie1 ~]# sed -i &quot;$a $name&quot; myfile  </span><br><span class="line">          #当sed命令也有默认变量时，在去引用自己定义的变量会出现语法错误  </span><br><span class="line">sed: -e expression #1, char 3: extra characters after command  </span><br><span class="line">[root@jie1 ~]# sed -i &apos;$a &apos;$name&apos;&apos; myfile  </span><br><span class="line">          #在引用自定义的变量时，sed语句必须用单引引住，然后把自定义的变量也用单引号引住  </span><br><span class="line">[root@jie1 ~]# cat myfile  </span><br><span class="line">hello world  </span><br><span class="line">i am li  </span><br><span class="line">how are you  </span><br><span class="line">li  </span><br><span class="line">[root@jie1 ~]#</span><br></pre></td></tr></table></figure></p><p><strong><em>  sed的其它高级使用： </em></strong><br>1）把正在用sed操作的文件的内容写到例外一个文件中<br><figure class="highlight plain"><table><tr><td class="gutter"><pre><span class="line">1</span><br><span class="line">2</span><br><span class="line">3</span><br><span class="line">4</span><br><span class="line">5</span><br><span class="line">6</span><br><span class="line">7</span><br><span class="line">8</span><br><span class="line">9</span><br><span class="line">10</span><br><span class="line">11</span><br><span class="line">12</span><br></pre></td><td class="code"><pre><span class="line">[root@jie1 ~]# cat test   #sed操作的文件中的内容  </span><br><span class="line">Ethernet  </span><br><span class="line">#BOOTPROTO=&quot;dhcp&quot;  </span><br><span class="line">HWADDR=&quot;00:0C:29:90:79:78&quot;  </span><br><span class="line">ONBOOT=&quot;yes&quot;  </span><br><span class="line">IPADDR=172.16.10.12  </span><br><span class="line">NETMASK=255.255.0.0  </span><br><span class="line">[root@jie1 ~]# sed -i &apos;s/IPADDR/ip/w ip.txt&apos; test  </span><br><span class="line">       #把sed操作的文件内容保存到另外一个文件中，w表示保存，ip.txt文件名  </span><br><span class="line">[root@jie1 ~]# cat ip.txt  #查看新文件的内容  </span><br><span class="line">ip=172.16.10.12  </span><br><span class="line">[root@jie1 ~]#</span><br></pre></td></tr></table></figure></p><p>2）读取一个文件到正在用sed操作的文件中<br><figure class="highlight plain"><table><tr><td class="gutter"><pre><span class="line">1</span><br><span class="line">2</span><br><span class="line">3</span><br><span class="line">4</span><br><span class="line">5</span><br><span class="line">6</span><br><span class="line">7</span><br><span class="line">8</span><br><span class="line">9</span><br><span class="line">10</span><br><span class="line">11</span><br><span class="line">12</span><br><span class="line">13</span><br><span class="line">14</span><br><span class="line">15</span><br><span class="line">16</span><br><span class="line">17</span><br><span class="line">18</span><br><span class="line">19</span><br><span class="line">20</span><br><span class="line">21</span><br><span class="line">22</span><br><span class="line">23</span><br><span class="line">24</span><br><span class="line">25</span><br><span class="line">26</span><br></pre></td><td class="code"><pre><span class="line">[root@jie1 ~]# cat myfile   #文件内容  </span><br><span class="line">hello world  </span><br><span class="line">i am li  </span><br><span class="line">how are you  </span><br><span class="line">li  </span><br><span class="line">[root@jie1 ~]# cat test  #将用sed操作的文件的内容  </span><br><span class="line">Ethernet  </span><br><span class="line">#BOOTPROTO=&quot;dhcp&quot;  </span><br><span class="line">HWADDR=&quot;00:0C:29:90:79:78&quot;  </span><br><span class="line">ONBOOT=&quot;yes&quot;  </span><br><span class="line">IPADDR=172.16.10.12  </span><br><span class="line">NETMASK=255.255.0.0  </span><br><span class="line">[root@jie1 ~]# sed  -i &apos;/Ethernet/r myfile&apos; test  </span><br><span class="line">      #在匹配Ethernet的行，读进来另一个文件的内容，读进来的文件的内容会插入到匹配Ethernet的行后  </span><br><span class="line">[root@jie1 ~]# cat test  #再次查看用sed命令操作的行  </span><br><span class="line">Ethernet  </span><br><span class="line">hello world  </span><br><span class="line">i am li  </span><br><span class="line">how are you  </span><br><span class="line">li  </span><br><span class="line">#BOOTPROTO=&quot;dhcp&quot;  </span><br><span class="line">HWADDR=&quot;00:0C:29:90:79:78&quot;  </span><br><span class="line">ONBOOT=&quot;yes&quot;  </span><br><span class="line">IPADDR=172.16.10.12  </span><br><span class="line">NETMASK=255.255.0.0  </span><br><span class="line">[root@jie1 ~]#</span><br></pre></td></tr></table></figure></p><p><strong>sed的经典例子：</strong><br><figure class="highlight plain"><table><tr><td class="gutter"><pre><span class="line">1</span><br><span class="line">2</span><br><span class="line">3</span><br><span class="line">4</span><br><span class="line">5</span><br><span class="line">6</span><br><span class="line">7</span><br><span class="line">8</span><br><span class="line">9</span><br><span class="line">10</span><br><span class="line">11</span><br><span class="line">12</span><br><span class="line">13</span><br><span class="line">14</span><br><span class="line">15</span><br><span class="line">16</span><br><span class="line">17</span><br><span class="line">18</span><br><span class="line">19</span><br><span class="line">20</span><br><span class="line">21</span><br><span class="line">22</span><br></pre></td><td class="code"><pre><span class="line">##1）、处理以下文件内容,将域名取出并进行计数排序,如处理:  </span><br><span class="line">http://www.baidu.com/index.&lt;a target=&quot;_blank&quot; href=&quot;http://www.2cto.com/kf/qianduan/css/&quot; class=&quot;keylink&quot; style=&quot;border:none; padding:0px; margin:0px; color:rgb(51,51,51); text-decoration:none; font-size:14px&quot;&gt;html&lt;/a&gt;  </span><br><span class="line">http://www.baidu.com/1.html  </span><br><span class="line">http://post.baidu.com/index.html  </span><br><span class="line">http://mp3.baidu.com/index.html  </span><br><span class="line">http://www.baidu.com/3.html  </span><br><span class="line">http://post.baidu.com/2.html  </span><br><span class="line">得到如下结果:  </span><br><span class="line">域名的出现的次数 域名  </span><br><span class="line">3 www.baidu.com  </span><br><span class="line">2 post.baidu.com  </span><br><span class="line">1 mp3.baidu.com  </span><br><span class="line">[root@localhost shell]# cat file | sed -e &apos; s/http:\/\///&apos; -e &apos; s/\/.*//&apos; | sort | uniq -c | sort -rn  </span><br><span class="line">3 www.baidu.com  </span><br><span class="line">2 post.baidu.com  </span><br><span class="line">1 mp3.baidu.com  </span><br><span class="line">[root@codfei4 shell]# awk -F/ &apos;&#123;print $3&#125;&apos; file |sort -r|uniq -c|awk &apos;&#123;print $1&quot;\t&quot;,$2&#125;&apos;  </span><br><span class="line">3 www.baidu.com  </span><br><span class="line">2 post.baidu.com  </span><br><span class="line">1 mp3.baidu.com  </span><br><span class="line">##2）、用grep结合sed取出网卡的ip地址  </span><br><span class="line">[root@jie1 ~]# ifconfig | grep -B1 &quot;inet addr&quot; |grep -v &quot;\-\-&quot; |sed -n -e &apos;N;s/eth[0−9].*\n.*addr:[0−9]&#123;1,3&#125;\.[0−9]&#123;1,3&#125;\.[0−9]&#123;1,3&#125;\.[0−9]&#123;1,3&#125;.*/\1 \2/p&apos;</span><br></pre></td></tr></table></figure></p>]]></content>
    
    <summary type="html">
    
      
      
        &lt;h3 id=&quot;sed在文件中查询文本的基本方法：&quot;&gt;&lt;a href=&quot;#sed在文件中查询文本的基本方法：&quot; class=&quot;headerlink&quot; title=&quot;sed在文件中查询文本的基本方法：&quot;&gt;&lt;/a&gt;sed在文件中查询文本的基本方法：&lt;/h3&gt;&lt;p&gt;n和p命令一起使用表
      
    
    </summary>
    
      <category term="命令" scheme="http://yoursite.com/categories/%E5%91%BD%E4%BB%A4/"/>
    
    
      <category term="常用命令" scheme="http://yoursite.com/tags/%E5%B8%B8%E7%94%A8%E5%91%BD%E4%BB%A4/"/>
    
  </entry>
  
  <entry>
    <title>docker 的基本命令</title>
    <link href="http://yoursite.com/2019/05/01/docker-%E5%9F%BA%E6%9C%AC%E5%91%BD%E4%BB%A4/"/>
    <id>http://yoursite.com/2019/05/01/docker-基本命令/</id>
    <published>2019-05-01T06:32:55.000Z</published>
    <updated>2019-05-01T07:24:59.192Z</updated>
    
    <content type="html"><![CDATA[<hr><ul><li><p>删除所有未运行的docker容器</p><p><code>docker rm $(docker ps -a -q)</code></p></li><li><p>删除所有docker镜像&amp;删除所有未打tag的镜像</p><p><code>docker rmi $(docker images -q | awk &#39;/^&lt;none&gt;/ {print $3}&#39;)</code></p></li><li><p>删除所有镜像</p><p> <code>docker rmi $(docker images -q)</code></p></li><li><p>根据格式删除所有的镜像</p><p><code>docker rm $(docker ps -qf status=exited)</code></p></li><li><p>删除停止的容器</p><p> <code>docker rm $(docker ps -all -q -f status=exited)</code></p></li><li><p>删除没有使用过的镜像</p><p><code>docker  rmi  $(docker images | grep &quot;&lt;none&gt;&quot; | awk &quot;{print \$3}&quot;)</code></p></li><li><p>批量删除镜像</p><p> <code>docker images | awk  &#39;{print $3}&#39; | xargs docker rmi</code></p></li><li><p>批量删除容器</p><p><code>docker ps -a | awk &#39;{print $1}&#39; | xargs docker rm</code></p></li><li><p>以特权模式运行容器（systemct）</p><p><code>docker run -d -name centos7 --privileged=true centos:7 /usr/sbin/init</code><br> <code>docker exec -it centos7 /bin/bash</code></p></li></ul>]]></content>
    
    <summary type="html">
    
      
      
        &lt;hr&gt;
&lt;ul&gt;
&lt;li&gt;&lt;p&gt;删除所有未运行的docker容器&lt;/p&gt;
&lt;p&gt;&lt;code&gt;docker rm $(docker ps -a -q)&lt;/code&gt;&lt;/p&gt;
&lt;/li&gt;
&lt;li&gt;&lt;p&gt;删除所有docker镜像&amp;amp;删除所有未打tag的镜像&lt;/p&gt;
&lt;p&gt;&lt;co
      
    
    </summary>
    
      <category term="docker" scheme="http://yoursite.com/categories/docker/"/>
    
    
      <category term="命令 docker" scheme="http://yoursite.com/tags/%E5%91%BD%E4%BB%A4-docker/"/>
    
  </entry>
  
</feed>
